Manifest,Origin Lic.,Origin Facility,Dest. Lic.,Destination Facility,Created,Received,Item,Item Category,Amount,Shipped,Recvd
0000774105,RMD345-C,"Apothca, Inc.",RMD425-P,Mayflower Medicinals,10/16/2021,10/18/2021,M00001256003: Cann Social Tonic Lemon Lavender 2mg 6pk,Infused Beverage,"$2,400.00S
$2,400.00R","200
ea","200
ea"
0000774106,RMD345-C,"Apothca, Inc.",MR281553,"Nature's Remedy of Massachusetts, Inc.",10/16/2021,10/18/2021,M00001256003: Cann Social Tonic Lemon Lavender 2mg 6pk,Infused Beverage,"$480.00S
$480.00R","40
ea","40
ea"
0000774107,RMD345-C,"Apothca, Inc.",MR282695,Community Growth Partners Great Barrington Operations LLC,10/16/2021,10/18/2021,M00001256003: Cann Social Tonic Lemon Lavender 2mg 6pk,Infused Beverage,"$912.00S
$912.00R","76
ea","76
ea"
0000774108,RMD345-C,"Apothca, Inc.",RMD645-R,"Rise Holdings, Inc.",10/16/2021,10/22/2021,M00001256003: Cann Social Tonic Lemon Lavender 2mg 6pk,Infused Beverage,"$480.00S
$480.00R","40
ea","40
ea"
0000774110,RMD345-C,"Apothca, Inc.",RMD1586-R,"Liberty Compassion, Inc. - Boston",10/16/2021,10/18/2021,M00001256003: Cann Social Tonic Lemon Lavender 2mg 6pk,Infused Beverage,"$576.00S
$576.00R","48
ea","48
ea"
0000774204,RMD345-C,"Apothca, Inc.",MR282318,HIGHMINDED LLC,10/16/2021,10/20/2021,M00001256003: Cann Social Tonic Lemon Lavender 2mg 6pk,Infused Beverage,"$1,536.00S
$1,536.00R","128
ea","128
ea"
0000774205,RMD345-C,"Apothca, Inc.",MR281970,"Garden Wonders, Inc",10/16/2021,10/19/2021,M00001256003: Cann Social Tonic Lemon Lavender 2mg 6pk,Infused Beverage,"$480.00S
$480.00R","40
ea","40
ea"
0000774206,RMD345-C,"Apothca, Inc.",MR282077,"Ascend Mass, LLC",10/16/2021,10/18/2021,M00001256003: Cann Social Tonic Lemon Lavender 2mg 6pk,Infused Beverage,"$720.00S
$720.00R","60
ea","60
ea"
0000774304,RMD345-C,"Apothca, Inc.",RMD1465-R,Liberty Compassion,10/16/2021,10/20/2021,M00001256003: Cann Social Tonic Lemon Lavender 2mg 6pk,Infused Beverage,"$384.00S
$384.00R","32
ea","32
ea"
0000774306,RMD345-C,"Apothca, Inc.",MR281907,"Western Front, LLC",10/16/2021,10/18/2021,M00001256003: Cann Social Tonic Lemon Lavender 2mg 6pk,Infused Beverage,"$960.00S
$960.00R","80
ea","80
ea"
0000774401,RMD345-C,"Apothca, Inc.",MR281269,"New Dia, LLC",10/16/2021,10/18/2021,M00001256003: Cann Social Tonic Lemon Lavender 2mg 6pk,Infused Beverage,"$432.00S
$432.00R","48
ea","48
ea"
0000774404,RMD345-C,"Apothca, Inc.",MP281319,"Northeast Alternatives, Inc.",10/16/2021,10/18/2021,M00001256003: Cann Social Tonic Lemon Lavender 2mg 6pk,Infused Beverage,"$720.00S
$720.00R","60
ea","60
ea"
0000774405,RMD345-C,"Apothca, Inc.",MR283092,"Elevated Roots, LLC",10/16/2021,10/18/2021,M00001256003: Cann Social Tonic Lemon Lavender 2mg 6pk,Infused Beverage,"$1,200.00S
$1,200.00R","100
ea","100
ea"
0000774406,RMD345-C,"Apothca, Inc.",MR282118,"Nature's Remedy of Massachusetts, Inc.",10/16/2021,10/18/2021,M00001256003: Cann Social Tonic Lemon Lavender 2mg 6pk,Infused Beverage,"$1,440.00S
$1,440.00R","120
ea","120
ea"
0000776605,RMD345-C,"Apothca, Inc.",MR282730,"Apothca, Inc.",10/18/2021,10/20/2021,M00001256003: Cann Social Tonic Lemon Lavender 2mg 6pk,Infused Beverage,"$540.00S
$540.00R","60
ea","60
ea"
0000776805,RMD345-C,"Apothca, Inc.",MR281447,"Apothca, Inc",10/18/2021,10/20/2021,M00001256003: Cann Social Tonic Lemon Lavender 2mg 6pk,Infused Beverage,"$540.00S
$540.00R","60
ea","60
ea"
0000782820,RMD345-C,"Apothca, Inc.",RMD1586-R,"Liberty Compassion, Inc. - Boston",10/23/2021,10/28/2021,M00001256001: Cann Social Tonic Blood Orange Cardamom 2mg 6pk,Infused Beverage,"$480.00S
$480.00R","40
ea","40
ea"
0000782820,RMD345-C,"Apothca, Inc.",RMD1586-R,"Liberty Compassion, Inc. - Boston",10/23/2021,10/28/2021,M00001256002: Cann Social Tonic Grapefruit Rosemary 2mg 6pk,Infused Beverage,"$576.00S
$576.00R","48
ea","48
ea"
0000782821,RMD345-C,"Apothca, Inc.",MR281907,"Western Front, LLC",10/23/2021,10/28/2021,M00001256001: Cann Social Tonic Blood Orange Cardamom 2mg 6pk,Infused Beverage,"$960.00S
$960.00R","80
ea","80
ea"
0000782821,RMD345-C,"Apothca, Inc.",MR281907,"Western Front, LLC",10/23/2021,10/28/2021,M00001256002: Cann Social Tonic Grapefruit Rosemary 2mg 6pk,Infused Beverage,"$960.00S
$960.00R","80
ea","80
ea"
0000782822,RMD345-C,"Apothca, Inc.",MR282118,"Nature's Remedy of Massachusetts, Inc.",10/23/2021,10/27/2021,M00001256001: Cann Social Tonic Blood Orange Cardamom 2mg 6pk,Infused Beverage,"$1,440.00S
$1,440.00R","120
ea","120
ea"
,,,,,,,M00001256002: Cann Social Tonic Grapefruit Rosemary 2mg 6pk,Infused Beverage,"$1,440.00S
$1,440.00R","120
ea","120
ea"
,,,,,,,M00001256003: Cann Social Tonic Lemon Lavender 2mg 6pk,Infused Beverage,"$1,440.00S
$1,440.00R","120
ea","120
ea"
0000782823,RMD345-C,"Apothca, Inc.",MR281970,"Garden Wonders, Inc",10/23/2021,10/29/2021,M00001256001: Cann Social Tonic Blood Orange Cardamom 2mg 6pk,Infused Beverage,"$480.00S
$480.00R","40
ea","40
ea"
,,,,,,,M00001256002: Cann Social Tonic Grapefruit Rosemary 2mg 6pk,Infused Beverage,"$480.00S
$480.00R","40
ea","40
ea"
0000782824,RMD345-C,"Apothca, Inc.",MR283092,"Elevated Roots, LLC",10/23/2021,11/3/2021,M00001256001: Cann Social Tonic Blood Orange Cardamom 2mg 6pk,Infused Beverage,"$1,200.28S
$1,200.28R","128
ea","128
ea"
,,,,,,,M00001256002: Cann Social Tonic Grapefruit Rosemary 2mg 6pk,Infused Beverage,"$960.28S
$960.28R","108
ea","108
ea"
,,,,,,,M00001256003: Cann Social Tonic Lemon Lavender 2mg 6pk,Infused Beverage,"$1,200.28S
$1,200.28R","128
ea","128
ea"
0000782825,RMD345-C,"Apothca, Inc.",MP281319,"Northeast Alternatives, Inc.",10/23/2021,10/28/2021,M00001256001: Cann Social Tonic Blood Orange Cardamom 2mg 6pk,Infused Beverage,"$720.00S
$720.00R","60
ea","60
ea"
,,,,,,,M00001256002: Cann Social Tonic Grapefruit Rosemary 2mg 6pk,Infused Beverage,"$720.00S
$720.00R","60
ea","60
ea"
0000783020,RMD345-C,"Apothca, Inc.",MR283694,"Caroline's Cannabis, LLC",10/23/2021,10/29/2021,M00001256001: Cann Social Tonic Blood Orange Cardamom 2mg 6pk,Infused Beverage,"$288.00S
$288.00R","24
ea","24
ea"
,,,,,,,M00001256002: Cann Social Tonic Grapefruit Rosemary 2mg 6pk,Infused Beverage,"$288.00S
$288.00R","24
ea","24
ea"
,,,,,,,M00001256003: Cann Social Tonic Lemon Lavender 2mg 6pk,Infused Beverage,"$288.00S
$288.00R","24
ea","24
ea"
0000783121,RMD345-C,"Apothca, Inc.",MR282077,"Ascend Mass, LLC",10/23/2021,10/28/2021,M00001256001: Cann Social Tonic Blood Orange Cardamom 2mg 6pk,Infused Beverage,"$720.00S
$720.00R","60
ea","60
ea"
,,,,,,,M00001256002: Cann Social Tonic Grapefruit Rosemary 2mg 6pk,Infused Beverage,"$720.00S
$720.00R","60
ea","60
ea"
0000783201,RMD345-C,"Apothca, Inc.",MR281967,"Berkshire Welco, LLC",10/23/2021,10/27/2021,M00001256001: Cann Social Tonic Blood Orange Cardamom 2mg 6pk,Infused Beverage,"$960.00S
$960.00R","80
ea","80
ea"
,,,,,,,M00001256002: Cann Social Tonic Grapefruit Rosemary 2mg 6pk,Infused Beverage,"$960.00S
$960.00R","80
ea","80
ea"
,,,,,,,M00001256003: Cann Social Tonic Lemon Lavender 2mg 6pk,Infused Beverage,"$960.00S
$960.00R","80
ea","80
ea"
0000783202,RMD345-C,"Apothca, Inc.",MR281274,"Caroline's Cannabis, LLC",10/23/2021,10/29/2021,M00001256001: Cann Social Tonic Blood Orange Cardamom 2mg 6pk,Infused Beverage,"$288.00S
$288.00R","24
ea","24
ea"
,,,,,,,M00001256002: Cann Social Tonic Grapefruit Rosemary 2mg 6pk,Infused Beverage,"$288.00S
$288.00R","24
ea","24
ea"
,,,,,,,M00001256003: Cann Social Tonic Lemon Lavender 2mg 6pk,Infused Beverage,"$288.00S
$288.00R","24
ea","24
ea"
0000783205,RMD345-C,"Apothca, Inc.",RMD425-P,Mayflower Medicinals,10/23/2021,11/3/2021,M00001256001: Cann Social Tonic Blood Orange Cardamom 2mg 6pk,Infused Beverage,"$3,600.00S
$3,600.00R","300
ea","300
ea"
,,,,,,,M00001256002: Cann Social Tonic Grapefruit Rosemary 2mg 6pk,Infused Beverage,"$1,440.00S
$1,440.00R","120
ea","120
ea"
0000783206,RMD345-C,"Apothca, Inc.",RMD645-R,"Rise Holdings, Inc.",10/23/2021,10/27/2021,M00001256001: Cann Social Tonic Blood Orange Cardamom 2mg 6pk,Infused Beverage,"$480.00S
$480.00R","40
ea","40
ea"
,,,,,,,M00001256002: Cann Social Tonic Grapefruit Rosemary 2mg 6pk,Infused Beverage,"$480.00S
$480.00R","40
ea","40
ea"
0000783207,RMD345-C,"Apothca, Inc.",RMD1465-R,Liberty Compassion,10/23/2021,10/27/2021,M00001256001: Cann Social Tonic Blood Orange Cardamom 2mg 6pk,Infused Beverage,"$384.00S
$384.00R","32
ea","32
ea"
,,,,,,,M00001256002: Cann Social Tonic Grapefruit Rosemary 2mg 6pk,Infused Beverage,"$384.00S
$384.00R","32
ea","32
ea"
0000783301,RMD345-C,"Apothca, Inc.",MR282633,"United Cultivation, LLC",10/23/2021,10/27/2021,M00001256001: Cann Social Tonic Blood Orange Cardamom 2mg 6pk,Infused Beverage,"$1,200.00S
$1,200.00R","100
ea","100
ea"
,,,,,,,M00001256002: Cann Social Tonic Grapefruit Rosemary 2mg 6pk,Infused Beverage,"$1,200.00S
$1,200.00R","100
ea","100
ea"
,,,,,,,M00001256003: Cann Social Tonic Lemon Lavender 2mg 6pk,Infused Beverage,"$1,200.00S
$1,200.00R","100
ea","100
ea"
0000783302,RMD345-C,"Apothca, Inc.",MR281269,"New Dia, LLC",10/23/2021,10/27/2021,M00001256001: Cann Social Tonic Blood Orange Cardamom 2mg 6pk,Infused Beverage,"$576.00S
$576.00R","48
ea","48
ea"
,,,,,,,M00001256002: Cann Social Tonic Grapefruit Rosemary 2mg 6pk,Infused Beverage,"$576.00S
$576.00R","48
ea","48
ea"
0000783402,RMD345-C,"Apothca, Inc.",MR282695,Community Growth Partners Great Barrington Operations LLC,10/23/2021,10/29/2021,M00001256001: Cann Social Tonic Blood Orange Cardamom 2mg 6pk,Infused Beverage,"$912.00S
$912.00R","76
ea","76
ea"
,,,,,,,M00001256002: Cann Social Tonic Grapefruit Rosemary 2mg 6pk,Infused Beverage,"$912.00S
$912.00R","76
ea","76
ea"
0000783501,RMD345-C,"Apothca, Inc.",MR281553,"Nature's Remedy of Massachusetts, Inc.",10/23/2021,10/27/2021,M00001256001: Cann Social Tonic Blood Orange Cardamom 2mg 6pk,Infused Beverage,"$480.00S
$480.00R","40
ea","40
ea"
,,,,,,,M00001256002: Cann Social Tonic Grapefruit Rosemary 2mg 6pk,Infused Beverage,"$480.00S
$480.00R","40
ea","40
ea"
0000792815,RMD345-C,"Apothca, Inc.",MR282318,HIGHMINDED LLC,10/30/2021,11/3/2021,M00001256001: Cann Social Tonic Blood Orange Cardamom 2mg 6pk,Infused Beverage,"$1,536.00S
$1,536.00R","128
ea","128
ea"
,,,,,,,M00001256002: Cann Social Tonic Grapefruit Rosemary 2mg 6pk,Infused Beverage,"$1,536.00S
$1,536.00R","128
ea","128
ea"
,,,,,,,M00001256003: Cann Social Tonic Lemon Lavender 2mg 6pk,Infused Beverage,"$576.00S
$576.00R","48
ea","48
ea"
0000792904,RMD345-C,"Apothca, Inc.",MR281950,"Sanctuary Medicinals, Inc.",10/30/2021,11/3/2021,M00001256001: Cann Social Tonic Blood Orange Cardamom 2mg 6pk,Infused Beverage,"$336.00S
$336.00R","28
ea","28
ea"
,,,,,,,M00001256002: Cann Social Tonic Grapefruit Rosemary 2mg 6pk,Infused Beverage,"$288.00S
$288.00R","24
ea","24
ea"
,,,,,,,M00001256003: Cann Social Tonic Lemon Lavender 2mg 6pk,Infused Beverage,"$288.00S
$288.00R","24
ea","24
ea"
0000793202,RMD345-C,"Apothca, Inc.",RMD445-R,Bask,10/30/2021,11/3/2021,M00001256001: Cann Social Tonic Blood Orange Cardamom 2mg 6pk,Infused Beverage,"$480.00S
$480.00R","40
ea","40
ea"
,,,,,,,M00001256002: Cann Social Tonic Grapefruit Rosemary 2mg 6pk,Infused Beverage,"$480.00S
$480.00R","40
ea","40
ea"
,,,,,,,M00001256003: Cann Social Tonic Lemon Lavender 2mg 6pk,Infused Beverage,"$480.00S
$480.00R","40
ea","40
ea"
0000793203,RMD345-C,"Apothca, Inc.",RMD925-R,Revolutionary Clinics II-Cambridge,10/30/2021,11/3/2021,M00001256001: Cann Social Tonic Blood Orange Cardamom 2mg 6pk,Infused Beverage,"$480.00S
$480.00R","40
ea","40
ea"
,,,,,,,M00001256002: Cann Social Tonic Grapefruit Rosemary 2mg 6pk,Infused Beverage,"$480.00S
$480.00R","40
ea","40
ea"
,,,,,,,M00001256003: Cann Social Tonic Lemon Lavender 2mg 6pk,Infused Beverage,"$480.00S
$480.00R","40
ea","40
ea"
0000802014,RMD345-C,"Apothca, Inc.",MR282837,"Ascend Mass, LLC",11/6/2021,11/9/2021,M00001256001: Cann Social Tonic Blood Orange Cardamom 2mg 6pk,Infused Beverage,"$1,440.00S
$1,440.00R","120
ea","120
ea"
,,,,,,,M00001256002: Cann Social Tonic Grapefruit Rosemary 2mg 6pk,Infused Beverage,"$960.00S
$960.00R","80
ea","80
ea"
,,,,,,,M00001256003: Cann Social Tonic Lemon Lavender 2mg 6pk,Infused Beverage,"$1,440.00S
$1,440.00R","120
ea","120
ea"
,,,,,,,M00001320402: Cann Social Tonic Blood Orange Cardamom 2mg 6pk SAM,Infused Beverage,"$0.28S
$0.28R","28
ea","28
ea"
,,,,,,,M00001320403: Cann Social Tonic Grapefruit Rosemary 2mg 6pk SAM,Infused Beverage,"$0.28S
$0.28R","28
ea","28
ea"
,,,,,,,M00001320404: Cann Social Tonic Lemon Lavender 2mg 6pk SAM,Infused Beverage,"$0.28S
$0.28R","28
ea","28
ea"
0000802306,RMD345-C,"Apothca, Inc.",MR282077,"Ascend Mass, LLC",11/6/2021,11/9/2021,M00001256001: Cann Social Tonic Blood Orange Cardamom 2mg 6pk,Infused Beverage,"$1,440.00S
$1,440.00R","120
ea","120
ea"
,,,,,,,M00001256002: Cann Social Tonic Grapefruit Rosemary 2mg 6pk,Infused Beverage,"$960.00S
$960.00R","80
ea","80
ea"
,,,,,,,M00001256003: Cann Social Tonic Lemon Lavender 2mg 6pk,Infused Beverage,"$1,440.00S
$1,440.00R","120
ea","120
ea"
,,,,,,,M00001320402: Cann Social Tonic Blood Orange Cardamom 2mg 6pk SAM,Infused Beverage,"$0.28S
$0.28R","28
ea","28
ea"
,,,,,,,M00001320403: Cann Social Tonic Grapefruit Rosemary 2mg 6pk SAM,Infused Beverage,"$0.28S
$0.28R","28
ea","28
ea"
,,,,,,,M00001320404: Cann Social Tonic Lemon Lavender 2mg 6pk SAM,Infused Beverage,"$0.28S
$0.28R","28
ea","28
ea"
0000807467,RMD345-C,"Apothca, Inc.",MR283323,"Heal Sturbridge, Inc.",11/10/2021,11/12/2021,M00001256001: Cann Social Tonic Blood Orange Cardamom 2mg 6pk,Infused Beverage,"$240.00S
$240.00R","20
ea","20
ea"
,,,,,,,M00001256002: Cann Social Tonic Grapefruit Rosemary 2mg 6pk,Infused Beverage,"$120.00S
$120.00R","10
ea","10
ea"
,,,,,,,M00001256003: Cann Social Tonic Lemon Lavender 2mg 6pk,Infused Beverage,"$120.00S
$120.00R","10
ea","10
ea"
,,,,,,,M00001320402: Cann Social Tonic Blood Orange Cardamom 2mg 6pk SAM,Infused Beverage,"$0.12S
$0.12R","12
ea","12
ea"
,,,,,,,M00001320403: Cann Social Tonic Grapefruit Rosemary 2mg 6pk SAM,Infused Beverage,"$0.12S
$0.12R","12
ea","12
ea"
,,,,,,,M00001320404: Cann Social Tonic Lemon Lavender 2mg 6pk SAM,Infused Beverage,"$0.12S
$0.12R","12
ea","12
ea"
0000807472,RMD345-C,"Apothca, Inc.",MR282118,"Jushi MA, Inc.",11/10/2021,11/12/2021,M00001256001: Cann Social Tonic Blood Orange Cardamom 2mg 6pk,Infused Beverage,"$480.00S
$480.00R","40
ea","40
ea"
,,,,,,,M00001256002: Cann Social Tonic Grapefruit Rosemary 2mg 6pk,Infused Beverage,"$480.00S
$480.00R","40
ea","40
ea"
,,,,,,,M00001256003: Cann Social Tonic Lemon Lavender 2mg 6pk,Infused Beverage,"$480.00S
$480.00R","40
ea","40
ea"
,,,,,,,M00001320402: Cann Social Tonic Blood Orange Cardamom 2mg 6pk SAM,Infused Beverage,"$0.15S
$0.15R","15
ea","15
ea"
,,,,,,,M00001320403: Cann Social Tonic Grapefruit Rosemary 2mg 6pk SAM,Infused Beverage,"$0.15S
$0.15R","15
ea","15
ea"
,,,,,,,M00001320404: Cann Social Tonic Lemon Lavender 2mg 6pk SAM,Infused Beverage,"$0.15S
$0.15R","15
ea","15
ea"
0000807769,RMD345-C,"Apothca, Inc.",MR281553,"Jushi MA, Inc.",11/10/2021,11/12/2021,M00001256001: Cann Social Tonic Blood Orange Cardamom 2mg 6pk,Infused Beverage,"$480.00S
$480.00R","40
ea","40
ea"
,,,,,,,M00001256002: Cann Social Tonic Grapefruit Rosemary 2mg 6pk,Infused Beverage,"$480.00S
$480.00R","40
ea","40
ea"
,,,,,,,M00001256003: Cann Social Tonic Lemon Lavender 2mg 6pk,Infused Beverage,"$480.00S
$480.00R","40
ea","40
ea"
,,,,,,,M00001320402: Cann Social Tonic Blood Orange Cardamom 2mg 6pk SAM,Infused Beverage,"$0.15S
$0.15R","15
ea","15
ea"
,,,,,,,M00001320403: Cann Social Tonic Grapefruit Rosemary 2mg 6pk SAM,Infused Beverage,"$0.15S
$0.15R","15
ea","15
ea"
,,,,,,,M00001320404: Cann Social Tonic Lemon Lavender 2mg 6pk SAM,Infused Beverage,"$0.15S
$0.15R","15
ea","15
ea"
0000807802,RMD345-C,"Apothca, Inc.",RMD645-R,"Rise Holdings, Inc.",11/10/2021,11/12/2021,M00001256001: Cann Social Tonic Blood Orange Cardamom 2mg 6pk,Infused Beverage,"$720.00S
$720.00R","60
ea","60
ea"
,,,,,,,M00001256002: Cann Social Tonic Grapefruit Rosemary 2mg 6pk,Infused Beverage,"$720.00S
$720.00R","60
ea","60
ea"
,,,,,,,M00001256003: Cann Social Tonic Lemon Lavender 2mg 6pk,Infused Beverage,"$720.00S
$720.00R","60
ea","60
ea"
,,,,,,,M00001320402: Cann Social Tonic Blood Orange Cardamom 2mg 6pk SAM,Infused Beverage,"$0.17S
$0.17R","17
ea","17
ea"
,,,,,,,M00001320403: Cann Social Tonic Grapefruit Rosemary 2mg 6pk SAM,Infused Beverage,"$0.17S
$0.17R","17
ea","17
ea"
,,,,,,,M00001320404: Cann Social Tonic Lemon Lavender 2mg 6pk SAM,Infused Beverage,"$0.17S
$0.17R","17
ea","17
ea"
0000810815,RMD345-C,"Apothca, Inc.",RMD1128-R,"Sanctuary Medicinals, Inc. - Woburn",11/13/2021,11/16/2021,M00001256001: Cann Social Tonic Blood Orange Cardamom 2mg 6pk,Infused Beverage,"$288.00S
$288.00R","24
ea","24
ea"
,,,,,,,M00001256002: Cann Social Tonic Grapefruit Rosemary 2mg 6pk,Infused Beverage,"$288.00S
$288.00R","24
ea","24
ea"
,,,,,,,M00001256003: Cann Social Tonic Lemon Lavender 2mg 6pk,Infused Beverage,"$336.00S
$336.00R","28
ea","28
ea"
,,,,,,,M00001320402: Cann Social Tonic Blood Orange Cardamom 2mg 6pk SAM,Infused Beverage,"$0.08S
$0.08R","8
ea","8
ea"
,,,,,,,M00001320403: Cann Social Tonic Grapefruit Rosemary 2mg 6pk SAM,Infused Beverage,"$0.08S
$0.08R","8
ea","8
ea"
,,,,,,,M00001320404: Cann Social Tonic Lemon Lavender 2mg 6pk SAM,Infused Beverage,"$0.08S
$0.08R","8
ea","8
ea"
0000811208,RMD345-C,"Apothca, Inc.",MR281950,"Sanctuary Medicinals, Inc.",11/13/2021,11/16/2021,M00001256001: Cann Social Tonic Blood Orange Cardamom 2mg 6pk,Infused Beverage,"$576.00S
$576.00R","48
ea","48
ea"
,,,,,,,M00001256002: Cann Social Tonic Grapefruit Rosemary 2mg 6pk,Infused Beverage,"$576.00S
$576.00R","48
ea","48
ea"
,,,,,,,M00001256003: Cann Social Tonic Lemon Lavender 2mg 6pk,Infused Beverage,"$672.00S
$672.00R","56
ea","56
ea"
,,,,,,,M00001320402: Cann Social Tonic Blood Orange Cardamom 2mg 6pk SAM,Infused Beverage,"$0.12S
$0.12R","12
ea","12
ea"
,,,,,,,M00001320403: Cann Social Tonic Grapefruit Rosemary 2mg 6pk SAM,Infused Beverage,"$0.12S
$0.12R","12
ea","12
ea"
,,,,,,,M00001320404: Cann Social Tonic Lemon Lavender 2mg 6pk SAM,Infused Beverage,"$0.12S
$0.12R","12
ea","12
ea"
0000811307,RMD345-C,"Apothca, Inc.",MR283092,"Elevated Roots, LLC",11/13/2021,11/16/2021,M00001256001: Cann Social Tonic Blood Orange Cardamom 2mg 6pk,Infused Beverage,"$360.00S
$360.00R","30
ea","30
ea"
,,,,,,,M00001256002: Cann Social Tonic Grapefruit Rosemary 2mg 6pk,Infused Beverage,"$360.00S
$360.00R","30
ea","30
ea"
,,,,,,,M00001256003: Cann Social Tonic Lemon Lavender 2mg 6pk,Infused Beverage,"$480.00S
$480.00R","40
ea","40
ea"
0000811310,RMD345-C,"Apothca, Inc.",RMD1127-R,"Sanctuary Medicinals, Inc. - Danvers",11/13/2021,11/17/2021,M00001256001: Cann Social Tonic Blood Orange Cardamom 2mg 6pk,Infused Beverage,"$288.00S
$288.00R","24
ea","24
ea"
,,,,,,,M00001256002: Cann Social Tonic Grapefruit Rosemary 2mg 6pk,Infused Beverage,"$288.00S
$288.00R","24
ea","24
ea"
,,,,,,,M00001256003: Cann Social Tonic Lemon Lavender 2mg 6pk,Infused Beverage,"$336.00S
$336.00R","28
ea","28
ea"
,,,,,,,M00001320402: Cann Social Tonic Blood Orange Cardamom 2mg 6pk SAM,Infused Beverage,"$0.05S
$0.05R","5
ea","5
ea"
,,,,,,,M00001320403: Cann Social Tonic Grapefruit Rosemary 2mg 6pk SAM,Infused Beverage,"$0.05S
$0.05R","5
ea","5
ea"
,,,,,,,M00001320404: Cann Social Tonic Lemon Lavender 2mg 6pk SAM,Infused Beverage,"$0.05S
$0.05R","5
ea","5
ea"
0000811313,RMD345-C,"Apothca, Inc.",RMD925-R,Revolutionary Clinics II-Cambridge,11/13/2021,11/16/2021,M00001256001: Cann Social Tonic Blood Orange Cardamom 2mg 6pk,Infused Beverage,"$720.00S
$720.00R","60
ea","60
ea"
,,,,,,,M00001256002: Cann Social Tonic Grapefruit Rosemary 2mg 6pk,Infused Beverage,"$720.00S
$720.00R","60
ea","60
ea"
,,,,,,,M00001256003: Cann Social Tonic Lemon Lavender 2mg 6pk,Infused Beverage,"$720.00S
$720.00R","60
ea","60
ea"
0000811404,RMD345-C,"Apothca, Inc.",MR282695,Community Growth Partners Great Barrington Operations LLC,11/13/2021,11/15/2021,M00001256001: Cann Social Tonic Blood Orange Cardamom 2mg 6pk,Infused Beverage,"$1,200.00S
$1,200.00R","100
ea","100
ea"
,,,,,,,M00001256002: Cann Social Tonic Grapefruit Rosemary 2mg 6pk,Infused Beverage,"$1,200.00S
$1,200.00R","100
ea","100
ea"
,,,,,,,M00001256003: Cann Social Tonic Lemon Lavender 2mg 6pk,Infused Beverage,"$1,800.00S
$1,800.00R","150
ea","150
ea"
,,,,,,,M00001320402: Cann Social Tonic Blood Orange Cardamom 2mg 6pk SAM,Infused Beverage,"$0.12S
$0.12R","12
ea","12
ea"
,,,,,,,M00001320403: Cann Social Tonic Grapefruit Rosemary 2mg 6pk SAM,Infused Beverage,"$0.12S
$0.12R","12
ea","12
ea"
,,,,,,,M00001320404: Cann Social Tonic Lemon Lavender 2mg 6pk SAM,Infused Beverage,"$0.24S
$0.24R","24
ea","24
ea"
0000811407,RMD345-C,"Apothca, Inc.",RMD605-R,"Sanctuary Medicinals, Inc.",11/13/2021,11/16/2021,M00001256001: Cann Social Tonic Blood Orange Cardamom 2mg 6pk,Infused Beverage,"$288.00S
$288.00R","24
ea","24
ea"
,,,,,,,M00001256003: Cann Social Tonic Lemon Lavender 2mg 6pk,Infused Beverage,"$336.00S
$336.00R","28
ea","28
ea"
,,,,,,,M00001320402: Cann Social Tonic Blood Orange Cardamom 2mg 6pk SAM,Infused Beverage,"$0.08S
$0.08R","8
ea","8
ea"
,,,,,,,M00001320403: Cann Social Tonic Grapefruit Rosemary 2mg 6pk SAM,Infused Beverage,"$0.08S
$0.08R","8
ea","8
ea"
,,,,,,,M00001320404: Cann Social Tonic Lemon Lavender 2mg 6pk SAM,Infused Beverage,"$0.08S
$0.08R","8
ea","8
ea"
0000816704,RMD345-C,"Apothca, Inc.",MR281447,"Apothca, Inc",11/17/2021,11/18/2021,M00001256001: Cann Social Tonic Blood Orange Cardamom 2mg 6pk,Infused Beverage,"$400.00S
$400.00R","40
ea","40
ea"
,,,,,,,M00001256002: Cann Social Tonic Grapefruit Rosemary 2mg 6pk,Infused Beverage,"$400.00S
$400.00R","40
ea","40
ea"
,,,,,,,M00001325907: Cann Social Tonic Cranberry Sage HiBoy 5mg 4pk,Infused Beverage,"$360.00S
$360.00R","30
ea","30
ea"
0000816902,RMD345-C,"Apothca, Inc.",MR282730,"Apothca, Inc.",11/17/2021,11/18/2021,M00001256001: Cann Social Tonic Blood Orange Cardamom 2mg 6pk,Infused Beverage,"$520.00S
$520.00R","52
ea","52
ea"
,,,,,,,M00001256002: Cann Social Tonic Grapefruit Rosemary 2mg 6pk,Infused Beverage,"$400.00S
$400.00R","40
ea","40
ea"
,,,,,,,M00001325907: Cann Social Tonic Cranberry Sage HiBoy 5mg 4pk,Infused Beverage,"$720.00S
$720.00R","60
ea","60
ea"
0000817910,RMD345-C,"Apothca, Inc.",MR281907,"Western Front, LLC",11/18/2021,11/19/2021,M00001256001: Cann Social Tonic Blood Orange Cardamom 2mg 6pk,Infused Beverage,"$240.00S
$240.00R","20
ea","20
ea"
,,,,,,,M00001256002: Cann Social Tonic Grapefruit Rosemary 2mg 6pk,Infused Beverage,"$240.00S
$240.00R","20
ea","20
ea"
,,,,,,,M00001256003: Cann Social Tonic Lemon Lavender 2mg 6pk,Infused Beverage,"$240.00S
$240.00R","20
ea","20
ea"
,,,,,,,M00001320402: Cann Social Tonic Blood Orange Cardamom 2mg 6pk SAM,Infused Beverage,"$0.05S
$0.05R","5
ea","5
ea"
,,,,,,,M00001320403: Cann Social Tonic Grapefruit Rosemary 2mg 6pk SAM,Infused Beverage,"$0.05S
$0.05R","5
ea","5
ea"
,,,,,,,M00001320404: Cann Social Tonic Lemon Lavender 2mg 6pk SAM,Infused Beverage,"$0.05S
$0.05R","5
ea","5
ea"
,,,,,,,M00001325906: Cann Social Tonic Cranberry Sage 2mg 6pk,Infused Beverage,"$120.00S
$120.00R","10
ea","10
ea"
,,,,,,,M00001325907: Cann Social Tonic Cranberry Sage HiBoy 5mg 4pk,Infused Beverage,"$140.00S
$140.00R","10
ea","10
ea"
0000817912,RMD345-C,"Apothca, Inc.",MR281495,"Garden Remedies, Inc.",11/18/2021,11/19/2021,M00001256001: Cann Social Tonic Blood Orange Cardamom 2mg 6pk,Infused Beverage,"$300.00S
$300.00R","25
ea","25
ea"
,,,,,,,M00001256002: Cann Social Tonic Grapefruit Rosemary 2mg 6pk,Infused Beverage,"$300.00S
$300.00R","25
ea","25
ea"
,,,,,,,M00001256003: Cann Social Tonic Lemon Lavender 2mg 6pk,Infused Beverage,"$300.00S
$300.00R","25
ea","25
ea"
,,,,,,,M00001320402: Cann Social Tonic Blood Orange Cardamom 2mg 6pk SAM,Infused Beverage,"$0.10S
$0.10R","10
ea","10
ea"
,,,,,,,M00001320403: Cann Social Tonic Grapefruit Rosemary 2mg 6pk SAM,Infused Beverage,"$0.10S
$0.10R","10
ea","10
ea"
,,,,,,,M00001320404: Cann Social Tonic Lemon Lavender 2mg 6pk SAM,Infused Beverage,"$0.10S
$0.10R","10
ea","10
ea"
,,,,,,,M00001325906: Cann Social Tonic Cranberry Sage 2mg 6pk,Infused Beverage,"$300.00S
$300.00R","25
ea","25
ea"
0000817914,RMD345-C,"Apothca, Inc.",MP281319,"Northeast Alternatives, Inc.",11/18/2021,11/19/2021,M00001256001: Cann Social Tonic Blood Orange Cardamom 2mg 6pk,Infused Beverage,"$240.00S
$240.00R","20
ea","20
ea"
,,,,,,,M00001256002: Cann Social Tonic Grapefruit Rosemary 2mg 6pk,Infused Beverage,"$240.00S
$240.00R","20
ea","20
ea"
,,,,,,,M00001256003: Cann Social Tonic Lemon Lavender 2mg 6pk,Infused Beverage,"$240.00S
$240.00R","20
ea","20
ea"
,,,,,,,M00001320402: Cann Social Tonic Blood Orange Cardamom 2mg 6pk SAM,Infused Beverage,"$0.20S
$0.20R","20
ea","20
ea"
,,,,,,,M00001320403: Cann Social Tonic Grapefruit Rosemary 2mg 6pk SAM,Infused Beverage,"$0.20S
$0.20R","20
ea","20
ea"
,,,,,,,M00001320404: Cann Social Tonic Lemon Lavender 2mg 6pk SAM,Infused Beverage,"$0.20S
$0.20R","20
ea","20
ea"
,,,,,,,M00001325906: Cann Social Tonic Cranberry Sage 2mg 6pk,Infused Beverage,"$240.00S
$240.00R","20
ea","20
ea"
,,,,,,,M00001325907: Cann Social Tonic Cranberry Sage HiBoy 5mg 4pk,Infused Beverage,"$280.00S
$280.00R","20
ea","20
ea"
0000818006,RMD345-C,"Apothca, Inc.",RMD1465-R,Liberty Compassion,11/18/2021,11/19/2021,M00001320402: Cann Social Tonic Blood Orange Cardamom 2mg 6pk SAM,Infused Beverage,"$0.08S
$0.08R","8
ea","8
ea"
,,,,,,,M00001320403: Cann Social Tonic Grapefruit Rosemary 2mg 6pk SAM,Infused Beverage,"$0.08S
$0.08R","8
ea","8
ea"
,,,,,,,M00001320404: Cann Social Tonic Lemon Lavender 2mg 6pk SAM,Infused Beverage,"$0.08S
$0.08R","8
ea","8
ea"
,,,,,,,M00001325906: Cann Social Tonic Cranberry Sage 2mg 6pk,Infused Beverage,"$288.00S
$288.00R","24
ea","24
ea"
,,,,,,,M00001325907: Cann Social Tonic Cranberry Sage HiBoy 5mg 4pk,Infused Beverage,"$672.00S
$672.00R","48
ea","48
ea"
0000818007,RMD345-C,"Apothca, Inc.",MR283092,"Elevated Roots, LLC",11/18/2021,11/19/2021,M00001325907: Cann Social Tonic Cranberry Sage HiBoy 5mg 4pk,Infused Beverage,"$1,120.00S
$1,120.00R","80
ea","80
ea"
0000818008,RMD345-C,"Apothca, Inc.",MR282471,"Garden Remedies, Inc.",11/18/2021,11/19/2021,M00001256001: Cann Social Tonic Blood Orange Cardamom 2mg 6pk,Infused Beverage,"$300.00S
$300.00R","25
ea","25
ea"
,,,,,,,M00001256002: Cann Social Tonic Grapefruit Rosemary 2mg 6pk,Infused Beverage,"$300.00S
$300.00R","25
ea","25
ea"
,,,,,,,M00001256003: Cann Social Tonic Lemon Lavender 2mg 6pk,Infused Beverage,"$300.00S
$300.00R","25
ea","25
ea"
,,,,,,,M00001320402: Cann Social Tonic Blood Orange Cardamom 2mg 6pk SAM,Infused Beverage,"$0.10S
$0.10R","10
ea","10
ea"
,,,,,,,M00001320403: Cann Social Tonic Grapefruit Rosemary 2mg 6pk SAM,Infused Beverage,"$0.10S
$0.10R","10
ea","10
ea"
,,,,,,,M00001320404: Cann Social Tonic Lemon Lavender 2mg 6pk SAM,Infused Beverage,"$0.10S
$0.10R","10
ea","10
ea"
,,,,,,,M00001325906: Cann Social Tonic Cranberry Sage 2mg 6pk,Infused Beverage,"$300.00S
$300.00R","25
ea","25
ea"
0000818106,RMD345-C,"Apothca, Inc.",MR281942,"Garden Remedies, Inc.",11/18/2021,11/19/2021,M00001256001: Cann Social Tonic Blood Orange Cardamom 2mg 6pk,Infused Beverage,"$300.00S
$300.00R","25
ea","25
ea"
,,,,,,,M00001256002: Cann Social Tonic Grapefruit Rosemary 2mg 6pk,Infused Beverage,"$300.00S
$300.00R","25
ea","25
ea"
,,,,,,,M00001256003: Cann Social Tonic Lemon Lavender 2mg 6pk,Infused Beverage,"$300.00S
$300.00R","25
ea","25
ea"
,,,,,,,M00001320402: Cann Social Tonic Blood Orange Cardamom 2mg 6pk SAM,Infused Beverage,"$0.10S
$0.10R","10
ea","10
ea"
,,,,,,,M00001320403: Cann Social Tonic Grapefruit Rosemary 2mg 6pk SAM,Infused Beverage,"$0.10S
$0.10R","10
ea","10
ea"
,,,,,,,M00001320404: Cann Social Tonic Lemon Lavender 2mg 6pk SAM,Infused Beverage,"$0.10S
$0.10R","10
ea","10
ea"
,,,,,,,M00001325906: Cann Social Tonic Cranberry Sage 2mg 6pk,Infused Beverage,"$300.00S
$300.00R","25
ea","25
ea"
0000818108,RMD345-C,"Apothca, Inc.",RMD925-R,Revolutionary Clinics II-Cambridge,11/18/2021,11/19/2021,M00001325907: Cann Social Tonic Cranberry Sage HiBoy 5mg 4pk,Infused Beverage,"$840.00S
$840.00R","60
ea","60
ea"
0000818111,RMD345-C,"Apothca, Inc.",MR282803,"Cypress Tree Management, Inc.",11/18/2021,11/19/2021,M00001256001: Cann Social Tonic Blood Orange Cardamom 2mg 6pk,Infused Beverage,"$192.00S
$192.00R","16
ea","16
ea"
,,,,,,,M00001256002: Cann Social Tonic Grapefruit Rosemary 2mg 6pk,Infused Beverage,"$144.00S
$144.00R","12
ea","12
ea"
,,,,,,,M00001256003: Cann Social Tonic Lemon Lavender 2mg 6pk,Infused Beverage,"$240.00S
$240.00R","20
ea","20
ea"
,,,,,,,M00001320402: Cann Social Tonic Blood Orange Cardamom 2mg 6pk SAM,Infused Beverage,"$0.10S
$0.10R","10
ea","10
ea"
,,,,,,,M00001320403: Cann Social Tonic Grapefruit Rosemary 2mg 6pk SAM,Infused Beverage,"$0.10S
$0.10R","10
ea","10
ea"
,,,,,,,M00001320404: Cann Social Tonic Lemon Lavender 2mg 6pk SAM,Infused Beverage,"$0.10S
$0.10R","10
ea","10
ea"
,,,,,,,M00001325906: Cann Social Tonic Cranberry Sage 2mg 6pk,Infused Beverage,"$240.00S
$240.00R","20
ea","20
ea"
,,,,,,,M00001325907: Cann Social Tonic Cranberry Sage HiBoy 5mg 4pk,Infused Beverage,"$168.00S
$168.00R","12
ea","12
ea"
0000818938,RMD345-C,"Apothca, Inc.",MR282318,HIGHMINDED LLC,11/19/2021,11/24/2021,M00001325906: Cann Social Tonic Cranberry Sage 2mg 6pk,Infused Beverage,"$960.00S
$960.00R","80
ea","80
ea"
,,,,,,,M00001325907: Cann Social Tonic Cranberry Sage HiBoy 5mg 4pk,Infused Beverage,"$1,680.00S
$1,680.00R","120
ea","120
ea"
0000818942,RMD345-C,"Apothca, Inc.",MR282695,Community Growth Partners Great Barrington Operations LLC,11/19/2021,11/23/2021,M00001325906: Cann Social Tonic Cranberry Sage 2mg 6pk,Infused Beverage,"$600.00S
$600.00R","50
ea","50
ea"
,,,,,,,M00001325907: Cann Social Tonic Cranberry Sage HiBoy 5mg 4pk,Infused Beverage,"$700.00S
$700.00R","50
ea","50
ea"
0000818947,RMD345-C,"Apothca, Inc.",MR281967,"Berkshire Welco, LLC",11/19/2021,11/23/2021,M00001256001: Cann Social Tonic Blood Orange Cardamom 2mg 6pk,Infused Beverage,"$960.00S
$960.00R","80
ea","80
ea"
,,,,,,,M00001256002: Cann Social Tonic Grapefruit Rosemary 2mg 6pk,Infused Beverage,"$960.00S
$960.00R","80
ea","80
ea"
,,,,,,,M00001256003: Cann Social Tonic Lemon Lavender 2mg 6pk,Infused Beverage,"$1,200.00S
$1,200.00R","100
ea","100
ea"
,,,,,,,M00001325906: Cann Social Tonic Cranberry Sage 2mg 6pk,Infused Beverage,"$960.00S
$960.00R","80
ea","80
ea"
0000822607,RMD345-C,"Apothca, Inc.",MR282730,"Apothca, Inc.",11/22/2021,11/24/2021,M00001320402: Cann Social Tonic Blood Orange Cardamom 2mg 6pk SAM,Infused Beverage,"$0.02S
$0.02R","2
ea","2
ea"
,,,,,,,M00001320403: Cann Social Tonic Grapefruit Rosemary 2mg 6pk SAM,Infused Beverage,"$0.02S
$0.02R","2
ea","2
ea"
,,,,,,,M00001320404: Cann Social Tonic Lemon Lavender 2mg 6pk SAM,Infused Beverage,"$0.02S
$0.02R","2
ea","2
ea"
,,,,,,,M00001325907: Cann Social Tonic Cranberry Sage HiBoy 5mg 4pk,Infused Beverage,"$0.02S
$0.02R","2
ea","2
ea"
,,,,,,,M00001326201: Cann Social Tonic Cranberry Sage 2mg 6pk SAM,Infused Beverage,"$0.02S
$0.02R","2
ea","2
ea"
0000823542,RMD345-C,"Apothca, Inc.",RMD645-R,"Rise Holdings, Inc.",11/23/2021,11/24/2021,M00001325906: Cann Social Tonic Cranberry Sage 2mg 6pk,Infused Beverage,"$360.00S
$360.00R","30
ea","30
ea"
,,,,,,,M00001325907: Cann Social Tonic Cranberry Sage HiBoy 5mg 4pk,Infused Beverage,"$560.00S
$560.00R","40
ea","40
ea"
0000823949,RMD345-C,"Apothca, Inc.",RMD1567-R,"Theory Wellness, Inc. - Chicopee",11/23/2021,11/30/2021,M00001256001: Cann Social Tonic Blood Orange Cardamom 2mg 6pk,Infused Beverage,"$1,200.00S
$1,200.00R","100
ea","100
ea"
,,,,,,,M00001256002: Cann Social Tonic Grapefruit Rosemary 2mg 6pk,Infused Beverage,"$1,200.00S
$1,200.00R","100
ea","100
ea"
,,,,,,,M00001256003: Cann Social Tonic Lemon Lavender 2mg 6pk,Infused Beverage,"$1,200.00S
$1,200.00R","100
ea","100
ea"
,,,,,,,M00001325906: Cann Social Tonic Cranberry Sage 2mg 6pk,Infused Beverage,"$1,200.00S
$1,200.00R","100
ea","100
ea"
0000824144,RMD345-C,"Apothca, Inc.",MR281970,"Garden Wonders, Inc",11/23/2021,11/27/2021,M00001256001: Cann Social Tonic Blood Orange Cardamom 2mg 6pk,Infused Beverage,"$480.00S
$480.00R","40
ea","40
ea"
,,,,,,,M00001256003: Cann Social Tonic Lemon Lavender 2mg 6pk,Infused Beverage,"$480.00S
$480.00R","40
ea","40
ea"
,,,,,,,M00001320402: Cann Social Tonic Blood Orange Cardamom 2mg 6pk SAM,Infused Beverage,"$0.08S
$0.08R","8
ea","8
ea"
,,,,,,,M00001320403: Cann Social Tonic Grapefruit Rosemary 2mg 6pk SAM,Infused Beverage,"$0.08S
$0.08R","8
ea","8
ea"
,,,,,,,M00001320404: Cann Social Tonic Lemon Lavender 2mg 6pk SAM,Infused Beverage,"$0.08S
$0.08R","8
ea","8
ea"
0000825459,RMD345-C,"Apothca, Inc.",RMD285-R,Healthy Pharms,11/24/2021,12/1/2021,M00001256001: Cann Social Tonic Blood Orange Cardamom 2mg 6pk,Infused Beverage,"$2,400.00S
$2,400.00R","200
ea","200
ea"
,,,,,,,M00001256002: Cann Social Tonic Grapefruit Rosemary 2mg 6pk,Infused Beverage,"$2,400.00S
$2,400.00R","200
ea","200
ea"
,,,,,,,M00001256003: Cann Social Tonic Lemon Lavender 2mg 6pk,Infused Beverage,"$2,160.00S
$2,160.00R","180
ea","180
ea"
,,,,,,,M00001320402: Cann Social Tonic Blood Orange Cardamom 2mg 6pk SAM,Infused Beverage,"$0.15S
$0.15R","15
ea","15
ea"
,,,,,,,M00001320403: Cann Social Tonic Grapefruit Rosemary 2mg 6pk SAM,Infused Beverage,"$0.15S
$0.15R","15
ea","15
ea"
,,,,,,,M00001320404: Cann Social Tonic Lemon Lavender 2mg 6pk SAM,Infused Beverage,"$0.15S
$0.15R","15
ea","15
ea"
0000827422,RMD345-C,"Apothca, Inc.",MP281319,"Northeast Alternatives, Inc.",11/26/2021,12/1/2021,M00001256001: Cann Social Tonic Blood Orange Cardamom 2mg 6pk,Infused Beverage,"$240.00S
$240.00R","20
ea","20
ea"
,,,,,,,M00001256002: Cann Social Tonic Grapefruit Rosemary 2mg 6pk,Infused Beverage,"$240.00S
$240.00R","20
ea","20
ea"
,,,,,,,M00001256003: Cann Social Tonic Lemon Lavender 2mg 6pk,Infused Beverage,"$240.00S
$240.00R","20
ea","20
ea"
,,,,,,,M00001325906: Cann Social Tonic Cranberry Sage 2mg 6pk,Infused Beverage,"$240.00S
$240.00R","20
ea","20
ea"
0000831046,RMD345-C,"Apothca, Inc.",MR281495,"Garden Remedies, Inc.",11/29/2021,12/2/2021,M00001256001: Cann Social Tonic Blood Orange Cardamom 2mg 6pk,Infused Beverage,"$264.00S
$264.00R","22
ea","22
ea"
,,,,,,,M00001256002: Cann Social Tonic Grapefruit Rosemary 2mg 6pk,Infused Beverage,"$264.00S
$264.00R","22
ea","22
ea"
,,,,,,,M00001256003: Cann Social Tonic Lemon Lavender 2mg 6pk,Infused Beverage,"$264.00S
$264.00R","22
ea","22
ea"
,,,,,,,M00001320402: Cann Social Tonic Blood Orange Cardamom 2mg 6pk SAM,Infused Beverage,"$0.10S
$0.10R","10
ea","10
ea"
,,,,,,,M00001320403: Cann Social Tonic Grapefruit Rosemary 2mg 6pk SAM,Infused Beverage,"$0.10S
$0.10R","10
ea","10
ea"
,,,,,,,M00001320404: Cann Social Tonic Lemon Lavender 2mg 6pk SAM,Infused Beverage,"$0.10S
$0.10R","10
ea","10
ea"
,,,,,,,M00001325906: Cann Social Tonic Cranberry Sage 2mg 6pk,Infused Beverage,"$108.00S
$108.00R","9
ea","9
ea"
0000831276,RMD345-C,"Apothca, Inc.",MR281942,"Garden Remedies, Inc.",11/29/2021,12/2/2021,M00001256001: Cann Social Tonic Blood Orange Cardamom 2mg 6pk,Infused Beverage,"$240.00S
$240.00R","20
ea","20
ea"
,,,,,,,M00001256002: Cann Social Tonic Grapefruit Rosemary 2mg 6pk,Infused Beverage,"$240.00S
$240.00R","20
ea","20
ea"
,,,,,,,M00001256003: Cann Social Tonic Lemon Lavender 2mg 6pk,Infused Beverage,"$240.00S
$240.00R","20
ea","20
ea"
,,,,,,,M00001320402: Cann Social Tonic Blood Orange Cardamom 2mg 6pk SAM,Infused Beverage,"$0.10S
$0.10R","10
ea","10
ea"
,,,,,,,M00001320403: Cann Social Tonic Grapefruit Rosemary 2mg 6pk SAM,Infused Beverage,"$0.10S
$0.10R","10
ea","10
ea"
,,,,,,,M00001320404: Cann Social Tonic Lemon Lavender 2mg 6pk SAM,Infused Beverage,"$0.10S
$0.10R","10
ea","10
ea"
,,,,,,,M00001325906: Cann Social Tonic Cranberry Sage 2mg 6pk,Infused Beverage,"$180.00S
$180.00R","15
ea","15
ea"
0000832643,RMD345-C,"Apothca, Inc.",MR282471,"Garden Remedies, Inc.",11/30/2021,12/6/2021,M00001256001: Cann Social Tonic Blood Orange Cardamom 2mg 6pk,Infused Beverage,"$264.00S
$264.00R","22
ea","22
ea"
,,,,,,,M00001256002: Cann Social Tonic Grapefruit Rosemary 2mg 6pk,Infused Beverage,"$264.00S
$264.00R","22
ea","22
ea"
,,,,,,,M00001256003: Cann Social Tonic Lemon Lavender 2mg 6pk,Infused Beverage,"$264.00S
$264.00R","22
ea","22
ea"
,,,,,,,M00001320402: Cann Social Tonic Blood Orange Cardamom 2mg 6pk SAM,Infused Beverage,"$0.10S
$0.10R","10
ea","10
ea"
,,,,,,,M00001320403: Cann Social Tonic Grapefruit Rosemary 2mg 6pk SAM,Infused Beverage,"$0.10S
$0.10R","10
ea","10
ea"
,,,,,,,M00001320404: Cann Social Tonic Lemon Lavender 2mg 6pk SAM,Infused Beverage,"$0.10S
$0.10R","10
ea","10
ea"
,,,,,,,M00001325906: Cann Social Tonic Cranberry Sage 2mg 6pk,Infused Beverage,"$108.00S
$108.00R","9
ea","9
ea"
0000832957,RMD345-C,"Apothca, Inc.",MR281967,"Berkshire Welco, LLC",11/30/2021,12/3/2021,M00001256001: Cann Social Tonic Blood Orange Cardamom 2mg 6pk,Infused Beverage,"$960.00S
$960.00R","80
ea","80
ea"
,,,,,,,M00001256002: Cann Social Tonic Grapefruit Rosemary 2mg 6pk,Infused Beverage,"$960.00S
$960.00R","80
ea","80
ea"
,,,,,,,M00001256003: Cann Social Tonic Lemon Lavender 2mg 6pk,Infused Beverage,"$1,200.00S
$1,200.00R","100
ea","100
ea"
,,,,,,,M00001325906: Cann Social Tonic Cranberry Sage 2mg 6pk,Infused Beverage,"$960.00S
$960.00R","80
ea","80
ea"
0000833947,RMD345-C,"Apothca, Inc.",RMD425-P,Mayflower Medicinals,12/1/2021,12/2/2021,M00001256002: Cann Social Tonic Grapefruit Rosemary 2mg 6pk,Infused Beverage,"$1,920.00S
$1,920.00R","160
ea","160
ea"
,,,,,,,M00001256003: Cann Social Tonic Lemon Lavender 2mg 6pk,Infused Beverage,"$1,680.00S
$1,680.00R","140
ea","140
ea"
,,,,,,,M00001325906: Cann Social Tonic Cranberry Sage 2mg 6pk,Infused Beverage,"$2,880.00S
$2,880.00R","240
ea","240
ea"
0000836638,RMD345-C,"Apothca, Inc.",MR282118,"Jushi MA, Inc.",12/3/2021,12/7/2021,M00001256001: Cann Social Tonic Blood Orange Cardamom 2mg 6pk,Infused Beverage,"$1,440.00S
$1,440.00R","120
ea","120
ea"
,,,,,,,M00001256003: Cann Social Tonic Lemon Lavender 2mg 6pk,Infused Beverage,"$720.00S
$720.00R","60
ea","60
ea"
0000836842,RMD345-C,"Apothca, Inc.",MR282077,"Ascend Mass, LLC",12/3/2021,12/7/2021,M00001256001: Cann Social Tonic Blood Orange Cardamom 2mg 6pk,Infused Beverage,"$1,440.00S
$1,440.00R","120
ea","120
ea"
,,,,,,,M00001256002: Cann Social Tonic Grapefruit Rosemary 2mg 6pk,Infused Beverage,"$960.00S
$960.00R","80
ea","80
ea"
,,,,,,,M00001256003: Cann Social Tonic Lemon Lavender 2mg 6pk,Infused Beverage,"$1,440.00S
$1,440.00R","120
ea","120
ea"
,,,,,,,M00001325906: Cann Social Tonic Cranberry Sage 2mg 6pk,Infused Beverage,"$960.00S
$960.00R","80
ea","80
ea"
0000836944,RMD345-C,"Apothca, Inc.",MR281553,"Jushi MA, Inc.",12/3/2021,12/7/2021,M00001256001: Cann Social Tonic Blood Orange Cardamom 2mg 6pk,Infused Beverage,"$720.00S
$720.00R","60
ea","60
ea"
,,,,,,,M00001256002: Cann Social Tonic Grapefruit Rosemary 2mg 6pk,Infused Beverage,"$720.00S
$720.00R","60
ea","60
ea"
,,,,,,,M00001256003: Cann Social Tonic Lemon Lavender 2mg 6pk,Infused Beverage,"$360.00S
$360.00R","30
ea","30
ea"
0000836945,RMD345-C,"Apothca, Inc.",MR282028,"Mission MA, Inc.",12/3/2021,12/7/2021,M00001256001: Cann Social Tonic Blood Orange Cardamom 2mg 6pk,Infused Beverage,"$1,200.00S
$1,200.00R","100
ea","100
ea"
,,,,,,,M00001256002: Cann Social Tonic Grapefruit Rosemary 2mg 6pk,Infused Beverage,"$1,200.00S
$1,200.00R","100
ea","100
ea"
,,,,,,,M00001256003: Cann Social Tonic Lemon Lavender 2mg 6pk,Infused Beverage,"$1,200.00S
$1,200.00R","100
ea","100
ea"
,,,,,,,M00001320402: Cann Social Tonic Blood Orange Cardamom 2mg 6pk SAM,Infused Beverage,"$0.08S
$0.08R","8
ea","8
ea"
,,,,,,,M00001320403: Cann Social Tonic Grapefruit Rosemary 2mg 6pk SAM,Infused Beverage,"$0.08S
$0.08R","8
ea","8
ea"
,,,,,,,M00001320404: Cann Social Tonic Lemon Lavender 2mg 6pk SAM,Infused Beverage,"$0.08S
$0.08R","8
ea","8
ea"
0000840202,RMD345-C,"Apothca, Inc.",MR282410,Bud's Goods & Provisions Corp. (FKA Trichome Health Corp.),12/6/2021,12/7/2021,M00001256001: Cann Social Tonic Blood Orange Cardamom 2mg 6pk,Infused Beverage,"$360.00S
$360.00R","30
ea","30
ea"
,,,,,,,M00001256002: Cann Social Tonic Grapefruit Rosemary 2mg 6pk,Infused Beverage,"$240.00S
$240.00R","20
ea","20
ea"
,,,,,,,M00001256003: Cann Social Tonic Lemon Lavender 2mg 6pk,Infused Beverage,"$300.00S
$300.00R","25
ea","25
ea"
,,,,,,,M00001320402: Cann Social Tonic Blood Orange Cardamom 2mg 6pk SAM,Infused Beverage,"$0.10S
$0.10R","10
ea","10
ea"
,,,,,,,M00001320403: Cann Social Tonic Grapefruit Rosemary 2mg 6pk SAM,Infused Beverage,"$0.10S
$0.10R","10
ea","10
ea"
,,,,,,,M00001320404: Cann Social Tonic Lemon Lavender 2mg 6pk SAM,Infused Beverage,"$0.10S
$0.10R","10
ea","10
ea"
0000840218,RMD345-C,"Apothca, Inc.",MR281907,"Western Front, LLC",12/6/2021,12/7/2021,M00001256001: Cann Social Tonic Blood Orange Cardamom 2mg 6pk,Infused Beverage,"$360.00S
$360.00R","30
ea","30
ea"
,,,,,,,M00001256003: Cann Social Tonic Lemon Lavender 2mg 6pk,Infused Beverage,"$720.00S
$720.00R","60
ea","60
ea"
,,,,,,,M00001325906: Cann Social Tonic Cranberry Sage 2mg 6pk,Infused Beverage,"$720.00S
$720.00R","60
ea","60
ea"
0000840225,RMD345-C,"Apothca, Inc.",RMD445-R,Bask,12/6/2021,12/7/2021,M00001256001: Cann Social Tonic Blood Orange Cardamom 2mg 6pk,Infused Beverage,"$480.00S
$480.00R","40
ea","40
ea"
,,,,,,,M00001256002: Cann Social Tonic Grapefruit Rosemary 2mg 6pk,Infused Beverage,"$480.00S
$480.00R","40
ea","40
ea"
,,,,,,,M00001256003: Cann Social Tonic Lemon Lavender 2mg 6pk,Infused Beverage,"$480.00S
$480.00R","40
ea","40
ea"
,,,,,,,M00001320402: Cann Social Tonic Blood Orange Cardamom 2mg 6pk SAM,Infused Beverage,"$0.08S
$0.08R","8
ea","8
ea"
,,,,,,,M00001320403: Cann Social Tonic Grapefruit Rosemary 2mg 6pk SAM,Infused Beverage,"$0.08S
$0.08R","8
ea","8
ea"
,,,,,,,M00001320404: Cann Social Tonic Lemon Lavender 2mg 6pk SAM,Infused Beverage,"$0.08S
$0.08R","8
ea","8
ea"
0000840419,RMD345-C,"Apothca, Inc.",MR281352,Pure Oasis LLC,12/6/2021,12/7/2021,M00001256001: Cann Social Tonic Blood Orange Cardamom 2mg 6pk,Infused Beverage,"$288.00S
$288.00R","24
ea","24
ea"
0000840419,RMD345-C,"Apothca, Inc.",MR281352,Pure Oasis LLC,12/6/2021,12/7/2021,M00001256002: Cann Social Tonic Grapefruit Rosemary 2mg 6pk,Infused Beverage,"$240.00S
$240.00R","20
ea","20
ea"
0000840419,RMD345-C,"Apothca, Inc.",MR281352,Pure Oasis LLC,12/6/2021,12/7/2021,M00001256003: Cann Social Tonic Lemon Lavender 2mg 6pk,Infused Beverage,"$240.00S
$240.00R","20
ea","20
ea"
0000840419,RMD345-C,"Apothca, Inc.",MR281352,Pure Oasis LLC,12/6/2021,12/7/2021,M00001320402: Cann Social Tonic Blood Orange Cardamom 2mg 6pk SAM,Infused Beverage,"$0.10S
$0.10R","10
ea","10
ea"
0000840419,RMD345-C,"Apothca, Inc.",MR281352,Pure Oasis LLC,12/6/2021,12/7/2021,M00001320403: Cann Social Tonic Grapefruit Rosemary 2mg 6pk SAM,Infused Beverage,"$0.10S
$0.10R","10
ea","10
ea"
0000840419,RMD345-C,"Apothca, Inc.",MR281352,Pure Oasis LLC,12/6/2021,12/7/2021,M00001320404: Cann Social Tonic Lemon Lavender 2mg 6pk SAM,Infused Beverage,"$0.10S
$0.10R","10
ea","10
ea"
0000840419,RMD345-C,"Apothca, Inc.",MR281352,Pure Oasis LLC,12/6/2021,12/7/2021,M00001325906: Cann Social Tonic Cranberry Sage 2mg 6pk,Infused Beverage,"$168.00S
$168.00R","14
ea","14
ea"
0000840608,RMD345-C,"Apothca, Inc.",MR282319,Bud's Goods & Provisions Corp.,12/6/2021,12/7/2021,M00001256001: Cann Social Tonic Blood Orange Cardamom 2mg 6pk,Infused Beverage,"$360.00S
$360.00R","30
ea","30
ea"
,,,,,,,M00001256002: Cann Social Tonic Grapefruit Rosemary 2mg 6pk,Infused Beverage,"$240.00S
$240.00R","20
ea","20
ea"
,,,,,,,M00001256003: Cann Social Tonic Lemon Lavender 2mg 6pk,Infused Beverage,"$300.00S
$300.00R","25
ea","25
ea"
,,,,,,,M00001320402: Cann Social Tonic Blood Orange Cardamom 2mg 6pk SAM,Infused Beverage,"$0.10S
$0.10R","10
ea","10
ea"
,,,,,,,M00001320403: Cann Social Tonic Grapefruit Rosemary 2mg 6pk SAM,Infused Beverage,"$0.10S
$0.10R","10
ea","10
ea"
,,,,,,,M00001320404: Cann Social Tonic Lemon Lavender 2mg 6pk SAM,Infused Beverage,"$0.10S
$0.10R","10
ea","10
ea"
0000840847,RMD345-C,"Apothca, Inc.",RMD925-R,Revolutionary Clinics II-Cambridge,12/6/2021,12/7/2021,M00001256001: Cann Social Tonic Blood Orange Cardamom 2mg 6pk,Infused Beverage,"$1,620.00S
$1,620.00R","180
ea","180
ea"
,,,,,,,M00001256002: Cann Social Tonic Grapefruit Rosemary 2mg 6pk,Infused Beverage,"$1,620.00S
$1,620.00R","180
ea","180
ea"
,,,,,,,M00001256003: Cann Social Tonic Lemon Lavender 2mg 6pk,Infused Beverage,"$1,620.00S
$1,620.00R","180
ea","180
ea"
0000843880,RMD345-C,"Apothca, Inc.",MR283323,"Heal Sturbridge, Inc.",12/8/2021,12/9/2021,M00001256001: Cann Social Tonic Blood Orange Cardamom 2mg 6pk,Infused Beverage,"$360.00S
$360.00R","30
ea","30
ea"
,,,,,,,M00001256002: Cann Social Tonic Grapefruit Rosemary 2mg 6pk,Infused Beverage,"$180.00S
$180.00R","15
ea","15
ea"
,,,,,,,M00001256003: Cann Social Tonic Lemon Lavender 2mg 6pk,Infused Beverage,"$240.00S
$240.00R","20
ea","20
ea"
,,,,,,,M00001325906: Cann Social Tonic Cranberry Sage 2mg 6pk,Infused Beverage,"$240.00S
$240.00R","20
ea","20
ea"
0000845437,RMD345-C,"Apothca, Inc.",MR281950,"Sanctuary Medicinals, Inc.",12/9/2021,12/10/2021,M00001256001: Cann Social Tonic Blood Orange Cardamom 2mg 6pk,Infused Beverage,"$480.00S
$480.00R","40
ea","40
ea"
,,,,,,,M00001256002: Cann Social Tonic Grapefruit Rosemary 2mg 6pk,Infused Beverage,"$480.00S
$480.00R","40
ea","40
ea"
,,,,,,,M00001256003: Cann Social Tonic Lemon Lavender 2mg 6pk,Infused Beverage,"$480.00S
$480.00R","40
ea","40
ea"
,,,,,,,M00001325906: Cann Social Tonic Cranberry Sage 2mg 6pk,Infused Beverage,"$480.00S
$480.00R","40
ea","40
ea"
0000845438,RMD345-C,"Apothca, Inc.",RMD1128-R,"Sanctuary Medicinals, Inc. - Woburn",12/9/2021,12/10/2021,M00001256001: Cann Social Tonic Blood Orange Cardamom 2mg 6pk,Infused Beverage,"$384.00S
$384.00R","32
ea","32
ea"
,,,,,,,M00001256002: Cann Social Tonic Grapefruit Rosemary 2mg 6pk,Infused Beverage,"$384.00S
$384.00R","32
ea","32
ea"
,,,,,,,M00001256003: Cann Social Tonic Lemon Lavender 2mg 6pk,Infused Beverage,"$384.00S
$384.00R","32
ea","32
ea"
,,,,,,,M00001325906: Cann Social Tonic Cranberry Sage 2mg 6pk,Infused Beverage,"$384.00S
$384.00R","32
ea","32
ea"
0000845536,RMD345-C,"Apothca, Inc.",MR282730,"Apothca, Inc.",12/9/2021,12/10/2021,M00001256001: Cann Social Tonic Blood Orange Cardamom 2mg 6pk,Infused Beverage,"$520.00S
$520.00R","52
ea","52
ea"
,,,,,,,M00001256002: Cann Social Tonic Grapefruit Rosemary 2mg 6pk,Infused Beverage,"$400.00S
$400.00R","40
ea","40
ea"
,,,,,,,M00001325906: Cann Social Tonic Cranberry Sage 2mg 6pk,Infused Beverage,"$520.00S
$520.00R","52
ea","52
ea"
0000845633,RMD345-C,"Apothca, Inc.",MR282803,"Cypress Tree Management, Inc.",12/9/2021,12/10/2021,M00001256001: Cann Social Tonic Blood Orange Cardamom 2mg 6pk,Infused Beverage,"$192.00S
$192.00R","16
ea","16
ea"
,,,,,,,M00001256002: Cann Social Tonic Grapefruit Rosemary 2mg 6pk,Infused Beverage,"$264.00S
$264.00R","22
ea","22
ea"
,,,,,,,M00001256003: Cann Social Tonic Lemon Lavender 2mg 6pk,Infused Beverage,"$240.00S
$240.00R","20
ea","20
ea"
,,,,,,,M00001325906: Cann Social Tonic Cranberry Sage 2mg 6pk,Infused Beverage,"$240.00S
$240.00R","20
ea","20
ea"
0000845641,RMD345-C,"Apothca, Inc.",RMD1127-R,"Sanctuary Medicinals, Inc. - Danvers",12/9/2021,12/10/2021,M00001256001: Cann Social Tonic Blood Orange Cardamom 2mg 6pk,Infused Beverage,"$384.00S
$384.00R","32
ea","32
ea"
,,,,,,,M00001256002: Cann Social Tonic Grapefruit Rosemary 2mg 6pk,Infused Beverage,"$384.00S
$384.00R","32
ea","32
ea"
,,,,,,,M00001256003: Cann Social Tonic Lemon Lavender 2mg 6pk,Infused Beverage,"$384.00S
$384.00R","32
ea","32
ea"
,,,,,,,M00001325906: Cann Social Tonic Cranberry Sage 2mg 6pk,Infused Beverage,"$384.00S
$384.00R","32
ea","32
ea"
0000845722,RMD345-C,"Apothca, Inc.",MR282881,Frozen 4 Corporation,12/9/2021,12/10/2021,M00001256001: Cann Social Tonic Blood Orange Cardamom 2mg 6pk,Infused Beverage,"$1,200.00S
$1,200.00R","100
ea","100
ea"
,,,,,,,M00001256002: Cann Social Tonic Grapefruit Rosemary 2mg 6pk,Infused Beverage,"$480.00S
$480.00R","40
ea","40
ea"
,,,,,,,M00001256003: Cann Social Tonic Lemon Lavender 2mg 6pk,Infused Beverage,"$960.00S
$960.00R","80
ea","80
ea"
,,,,,,,M00001320402: Cann Social Tonic Blood Orange Cardamom 2mg 6pk SAM,Infused Beverage,"$0.12S
$0.12R","12
ea","12
ea"
,,,,,,,M00001320403: Cann Social Tonic Grapefruit Rosemary 2mg 6pk SAM,Infused Beverage,"$0.12S
$0.12R","12
ea","12
ea"
,,,,,,,M00001320404: Cann Social Tonic Lemon Lavender 2mg 6pk SAM,Infused Beverage,"$0.12S
$0.12R","12
ea","12
ea"
,,,,,,,M00001325906: Cann Social Tonic Cranberry Sage 2mg 6pk,Infused Beverage,"$480.00S
$480.00R","40
ea","40
ea"
0000850244,RMD345-C,"Apothca, Inc.",MR281588,"Temescal Wellness of Massachusetts, LLC",12/13/2021,12/15/2021,M00001256001: Cann Social Tonic Blood Orange Cardamom 2mg 6pk,Infused Beverage,"$300.00S
$300.00R","25
ea","25
ea"
,,,,,,,M00001256002: Cann Social Tonic Grapefruit Rosemary 2mg 6pk,Infused Beverage,"$180.00S
$180.00R","15
ea","15
ea"
,,,,,,,M00001256003: Cann Social Tonic Lemon Lavender 2mg 6pk,Infused Beverage,"$240.00S
$240.00R","20
ea","20
ea"
,,,,,,,M00001320402: Cann Social Tonic Blood Orange Cardamom 2mg 6pk SAM,Infused Beverage,"$0.20S
$0.20R","10
ea","10
ea"
,,,,,,,M00001320403: Cann Social Tonic Grapefruit Rosemary 2mg 6pk SAM,Infused Beverage,"$0.20S
$0.20R","10
ea","10
ea"
,,,,,,,M00001320404: Cann Social Tonic Lemon Lavender 2mg 6pk SAM,Infused Beverage,"$0.20S
$0.20R","10
ea","10
ea"
,,,,,,,M00001325906: Cann Social Tonic Cranberry Sage 2mg 6pk,Infused Beverage,"$180.00S
$180.00R","15
ea","15
ea"
0000850246,RMD345-C,"Apothca, Inc.",MR282232,"Four Daughters Compassionate Care, Inc.",12/13/2021,12/14/2021,M00001256001: Cann Social Tonic Blood Orange Cardamom 2mg 6pk,Infused Beverage,"$228.00S
$228.00R","19
ea","19
ea"
,,,,,,,M00001256002: Cann Social Tonic Grapefruit Rosemary 2mg 6pk,Infused Beverage,"$228.00S
$228.00R","19
ea","19
ea"
,,,,,,,M00001256003: Cann Social Tonic Lemon Lavender 2mg 6pk,Infused Beverage,"$228.00S
$228.00R","19
ea","19
ea"
,,,,,,,M00001320402: Cann Social Tonic Blood Orange Cardamom 2mg 6pk SAM,Infused Beverage,"$0.40S
$0.40R","20
ea","20
ea"
,,,,,,,M00001320403: Cann Social Tonic Grapefruit Rosemary 2mg 6pk SAM,Infused Beverage,"$0.40S
$0.40R","20
ea","20
ea"
,,,,,,,M00001320404: Cann Social Tonic Lemon Lavender 2mg 6pk SAM,Infused Beverage,"$0.40S
$0.40R","20
ea","20
ea"
,,,,,,,M00001325906: Cann Social Tonic Cranberry Sage 2mg 6pk,Infused Beverage,"$216.00S
$216.00R","18
ea","18
ea"
0000850247,RMD345-C,"Apothca, Inc.",MR282316,"Green Meadows Farm, LLC",12/13/2021,12/28/2021,M00001256001: Cann Social Tonic Blood Orange Cardamom 2mg 6pk,Infused Beverage,"$480.00S
$480.00R","40
ea","40
ea"
,,,,,,,M00001256002: Cann Social Tonic Grapefruit Rosemary 2mg 6pk,Infused Beverage,"$480.00S
$480.00R","40
ea","40
ea"
,,,,,,,M00001256003: Cann Social Tonic Lemon Lavender 2mg 6pk,Infused Beverage,"$480.00S
$480.00R","40
ea","40
ea"
,,,,,,,M00001320402: Cann Social Tonic Blood Orange Cardamom 2mg 6pk SAM,Infused Beverage,"$0.30S
$0.30R","15
ea","15
ea"
,,,,,,,M00001320403: Cann Social Tonic Grapefruit Rosemary 2mg 6pk SAM,Infused Beverage,"$0.30S
$0.30R","15
ea","15
ea"
,,,,,,,M00001320404: Cann Social Tonic Lemon Lavender 2mg 6pk SAM,Infused Beverage,"$0.30S
$0.30R","15
ea","15
ea"
,,,,,,,M00001325906: Cann Social Tonic Cranberry Sage 2mg 6pk,Infused Beverage,"$480.00S
$480.00R","40
ea","40
ea"
0000850352,RMD345-C,"Apothca, Inc.",MR281552,"Four Daughters Compassionate Care, Inc.",12/13/2021,12/14/2021,M00001256001: Cann Social Tonic Blood Orange Cardamom 2mg 6pk,Infused Beverage,"$468.00S
$468.00R","39
ea","39
ea"
,,,,,,,M00001256002: Cann Social Tonic Grapefruit Rosemary 2mg 6pk,Infused Beverage,"$444.00S
$444.00R","37
ea","37
ea"
,,,,,,,M00001256003: Cann Social Tonic Lemon Lavender 2mg 6pk,Infused Beverage,"$444.00S
$444.00R","37
ea","37
ea"
,,,,,,,M00001320402: Cann Social Tonic Blood Orange Cardamom 2mg 6pk SAM,Infused Beverage,"$0.40S
$0.40R","20
ea","20
ea"
,,,,,,,M00001320403: Cann Social Tonic Grapefruit Rosemary 2mg 6pk SAM,Infused Beverage,"$0.40S
$0.40R","20
ea","20
ea"
,,,,,,,M00001320404: Cann Social Tonic Lemon Lavender 2mg 6pk SAM,Infused Beverage,"$0.40S
$0.40R","20
ea","20
ea"
,,,,,,,M00001325906: Cann Social Tonic Cranberry Sage 2mg 6pk,Infused Beverage,"$444.00S
$444.00R","37
ea","37
ea"
0000850354,RMD345-C,"Apothca, Inc.",MR282033,"Temescal Wellness of Massachusetts, LLC",12/13/2021,12/15/2021,M00001256001: Cann Social Tonic Blood Orange Cardamom 2mg 6pk,Infused Beverage,"$300.00S
$300.00R","25
ea","25
ea"
,,,,,,,M00001256002: Cann Social Tonic Grapefruit Rosemary 2mg 6pk,Infused Beverage,"$180.00S
$180.00R","15
ea","15
ea"
,,,,,,,M00001256003: Cann Social Tonic Lemon Lavender 2mg 6pk,Infused Beverage,"$240.00S
$240.00R","20
ea","20
ea"
,,,,,,,M00001320402: Cann Social Tonic Blood Orange Cardamom 2mg 6pk SAM,Infused Beverage,"$0.10S
$0.10R","10
ea","10
ea"
,,,,,,,M00001320403: Cann Social Tonic Grapefruit Rosemary 2mg 6pk SAM,Infused Beverage,"$0.10S
$0.10R","10
ea","10
ea"
,,,,,,,M00001320404: Cann Social Tonic Lemon Lavender 2mg 6pk SAM,Infused Beverage,"$0.10S
$0.10R","10
ea","10
ea"
,,,,,,,M00001325906: Cann Social Tonic Cranberry Sage 2mg 6pk,Infused Beverage,"$180.00S
$180.00R","15
ea","15
ea"
0000850535,RMD345-C,"Apothca, Inc.",MP281319,"Northeast Alternatives, Inc.",12/13/2021,12/14/2021,M00001256001: Cann Social Tonic Blood Orange Cardamom 2mg 6pk,Infused Beverage,"$480.00S
$480.00R","40
ea","40
ea"
,,,,,,,M00001256003: Cann Social Tonic Lemon Lavender 2mg 6pk,Infused Beverage,"$480.00S
$480.00R","40
ea","40
ea"
,,,,,,,M00001325906: Cann Social Tonic Cranberry Sage 2mg 6pk,Infused Beverage,"$480.00S
$480.00R","40
ea","40
ea"
0000851756,RMD345-C,"Apothca, Inc.",MR281269,"New Dia, LLC",12/14/2021,12/21/2021,M00001256001: Cann Social Tonic Blood Orange Cardamom 2mg 6pk,Infused Beverage,"$324.00S
$324.00R","36
ea","36
ea"
,,,,,,,M00001256002: Cann Social Tonic Grapefruit Rosemary 2mg 6pk,Infused Beverage,"$324.00S
$324.00R","36
ea","36
ea"
,,,,,,,M00001256003: Cann Social Tonic Lemon Lavender 2mg 6pk,Infused Beverage,"$324.00S
$324.00R","36
ea","36
ea"
,,,,,,,M00001325906: Cann Social Tonic Cranberry Sage 2mg 6pk,Infused Beverage,"$324.00S
$324.00R","36
ea","36
ea"
0000860703,RMD345-C,"Apothca, Inc.",RMD1465-R,Liberty Compassion,12/20/2021,12/21/2021,M00001256002: Cann Social Tonic Grapefruit Rosemary 2mg 6pk,Infused Beverage,"$264.00S
$264.00R","22
ea","22
ea"
,,,,,,,M00001256003: Cann Social Tonic Lemon Lavender 2mg 6pk,Infused Beverage,"$276.00S
$276.00R","23
ea","23
ea"
0000860802,RMD345-C,"Apothca, Inc.",MR282633,"United Cultivation, LLC",12/20/2021,12/21/2021,M00001256003: Cann Social Tonic Lemon Lavender 2mg 6pk,Infused Beverage,"$300.00S
$300.00R","25
ea","25
ea"
,,,,,,,M00001325907: Cann Social Tonic Cranberry Sage HiBoy 5mg 4pk,Infused Beverage,"$700.00S
$700.00R","50
ea","50
ea"
0000860902,RMD345-C,"Apothca, Inc.",RMD405-P,Revolutionary Clinics II,12/20/2021,12/21/2021,M00001325907: Cann Social Tonic Cranberry Sage HiBoy 5mg 4pk,Infused Beverage,"$10,800.00S
$10,800.00R","900
ea","900
ea"
0000861884,RMD345-C,"Apothca, Inc.",MR282207,"GreenStar Herbals, Inc.",12/21/2021,12/22/2021,M00001256001: Cann Social Tonic Blood Orange Cardamom 2mg 6pk,Infused Beverage,"$300.00S
$300.00R","25
ea","25
ea"
,,,,,,,M00001256003: Cann Social Tonic Lemon Lavender 2mg 6pk,Infused Beverage,"$300.00S
$300.00R","25
ea","25
ea"
,,,,,,,M00001320402: Cann Social Tonic Blood Orange Cardamom 2mg 6pk SAM,Infused Beverage,"$0.40S
$0.40R","20
ea","20
ea"
,,,,,,,M00001320404: Cann Social Tonic Lemon Lavender 2mg 6pk SAM,Infused Beverage,"$0.40S
$0.40R","20
ea","20
ea"
,,,,,,,M00001325906: Cann Social Tonic Cranberry Sage 2mg 6pk,Infused Beverage,"$300.00S
$300.00R","25
ea","25
ea"
,,,,,,,M00001325907: Cann Social Tonic Cranberry Sage HiBoy 5mg 4pk,Infused Beverage,"$280.00S
$280.00R","20
ea","20
ea"
0000861885,RMD345-C,"Apothca, Inc.",MR283092,"Elevated Roots, LLC",12/21/2021,12/22/2021,M00001256001: Cann Social Tonic Blood Orange Cardamom 2mg 6pk,Infused Beverage,"$20.00S
$20.00R","20
ea","20
ea"
,,,,,,,M00001256003: Cann Social Tonic Lemon Lavender 2mg 6pk,Infused Beverage,"$480.00S
$480.00R","40
ea","40
ea"
,,,,,,,M00001325907: Cann Social Tonic Cranberry Sage HiBoy 5mg 4pk,Infused Beverage,"$560.00S
$560.00R","40
ea","40
ea"
0000862205,RMD345-C,"Apothca, Inc.",RMD225-R,"Ermont, Inc",12/21/2021,12/22/2021,M00001256001: Cann Social Tonic Blood Orange Cardamom 2mg 6pk,Infused Beverage,"$300.00S
$300.00R","25
ea","25
ea"
,,,,,,,M00001256002: Cann Social Tonic Grapefruit Rosemary 2mg 6pk,Infused Beverage,"$300.00S
$300.00R","25
ea","25
ea"
,,,,,,,M00001256003: Cann Social Tonic Lemon Lavender 2mg 6pk,Infused Beverage,"$300.00S
$300.00R","25
ea","25
ea"
,,,,,,,M00001320402: Cann Social Tonic Blood Orange Cardamom 2mg 6pk SAM,Infused Beverage,"$0.32S
$0.32R","16
ea","16
ea"
,,,,,,,M00001320403: Cann Social Tonic Grapefruit Rosemary 2mg 6pk SAM,Infused Beverage,"$0.32S
$0.32R","16
ea","16
ea"
,,,,,,,M00001320404: Cann Social Tonic Lemon Lavender 2mg 6pk SAM,Infused Beverage,"$0.32S
$0.32R","16
ea","16
ea"
,,,,,,,M00001325906: Cann Social Tonic Cranberry Sage 2mg 6pk,Infused Beverage,"$300.00S
$300.00R","25
ea","25
ea"
0000863481,RMD345-C,"Apothca, Inc.",MR281309,"Temescal Wellness of Massachusetts, LLC",12/22/2021,12/23/2021,M00001256001: Cann Social Tonic Blood Orange Cardamom 2mg 6pk,Infused Beverage,"$300.00S
$300.00R","25
ea","25
ea"
,,,,,,,M00001256002: Cann Social Tonic Grapefruit Rosemary 2mg 6pk,Infused Beverage,"$180.00S
$180.00R","15
ea","15
ea"
,,,,,,,M00001256003: Cann Social Tonic Lemon Lavender 2mg 6pk,Infused Beverage,"$240.00S
$240.00R","20
ea","20
ea"
,,,,,,,M00001320402: Cann Social Tonic Blood Orange Cardamom 2mg 6pk SAM,Infused Beverage,"$0.20S
$0.20R","10
ea","10
ea"
,,,,,,,M00001320403: Cann Social Tonic Grapefruit Rosemary 2mg 6pk SAM,Infused Beverage,"$0.20S
$0.20R","10
ea","10
ea"
,,,,,,,M00001320404: Cann Social Tonic Lemon Lavender 2mg 6pk SAM,Infused Beverage,"$0.20S
$0.20R","10
ea","10
ea"
,,,,,,,M00001325906: Cann Social Tonic Cranberry Sage 2mg 6pk,Infused Beverage,"$180.00S
$180.00R","15
ea","15
ea"
0000863482,RMD345-C,"Apothca, Inc.",MR281447,"Apothca, Inc",12/22/2021,12/23/2021,M00001256001: Cann Social Tonic Blood Orange Cardamom 2mg 6pk,Infused Beverage,"$500.00S
$500.00R","50
ea","50
ea"
,,,,,,,M00001256003: Cann Social Tonic Lemon Lavender 2mg 6pk,Infused Beverage,"$500.00S
$500.00R","50
ea","50
ea"
,,,,,,,M00001325907: Cann Social Tonic Cranberry Sage HiBoy 5mg 4pk,Infused Beverage,"$720.00S
$720.00R","60
ea","60
ea"
0000863484,RMD345-C,"Apothca, Inc.",MR282730,"Apothca, Inc.",12/22/2021,12/23/2021,M00001256001: Cann Social Tonic Blood Orange Cardamom 2mg 6pk,Infused Beverage,"$800.00S
$800.00R","50
ea","50
ea"
,,,,,,,M00001256002: Cann Social Tonic Grapefruit Rosemary 2mg 6pk,Infused Beverage,"$500.00S
$500.00R","50
ea","50
ea"
,,,,,,,M00001325907: Cann Social Tonic Cranberry Sage HiBoy 5mg 4pk,Infused Beverage,"$720.00S
$720.00R","60
ea","60
ea"
0000863566,RMD345-C,"Apothca, Inc.",MP281319,"Northeast Alternatives, Inc.",12/22/2021,12/23/2021,M00001256003: Cann Social Tonic Lemon Lavender 2mg 6pk,Infused Beverage,"$912.00S
$912.00R","76
ea","76
ea"
0000863571,RMD345-C,"Apothca, Inc.",MR281907,"Western Front, LLC",12/22/2021,12/23/2021,M00001256001: Cann Social Tonic Blood Orange Cardamom 2mg 6pk,Infused Beverage,"$300.00S
$300.00R","25
ea","25
ea"
,,,,,,,M00001256002: Cann Social Tonic Grapefruit Rosemary 2mg 6pk,Infused Beverage,"$300.00S
$300.00R","25
ea","25
ea"
,,,,,,,M00001256003: Cann Social Tonic Lemon Lavender 2mg 6pk,Infused Beverage,"$480.00S
$480.00R","40
ea","40
ea"
,,,,,,,M00001325906: Cann Social Tonic Cranberry Sage 2mg 6pk,Infused Beverage,"$300.00S
$300.00R","25
ea","25
ea"
,,,,,,,M00001325907: Cann Social Tonic Cranberry Sage HiBoy 5mg 4pk,Infused Beverage,"$350.00S
$350.00R","25
ea","25
ea"
0000863672,RMD345-C,"Apothca, Inc.",MR281950,"Sanctuary Medicinals, Inc.",12/22/2021,12/23/2021,M00001256001: Cann Social Tonic Blood Orange Cardamom 2mg 6pk,Infused Beverage,"$720.00S
$720.00R","60
ea","60
ea"
,,,,,,,M00001256002: Cann Social Tonic Grapefruit Rosemary 2mg 6pk,Infused Beverage,"$360.00S
$360.00R","30
ea","30
ea"
,,,,,,,M00001256003: Cann Social Tonic Lemon Lavender 2mg 6pk,Infused Beverage,"$720.00S
$720.00R","60
ea","60
ea"
0000863673,RMD345-C,"Apothca, Inc.",MR282766,GTE Franklin LLC,12/22/2021,12/23/2021,M00001256001: Cann Social Tonic Blood Orange Cardamom 2mg 6pk,Infused Beverage,"$276.00S
$276.00R","23
ea","23
ea"
,,,,,,,M00001256002: Cann Social Tonic Grapefruit Rosemary 2mg 6pk,Infused Beverage,"$276.00S
$276.00R","23
ea","23
ea"
,,,,,,,M00001256003: Cann Social Tonic Lemon Lavender 2mg 6pk,Infused Beverage,"$240.00S
$240.00R","20
ea","20
ea"
,,,,,,,M00001320402: Cann Social Tonic Blood Orange Cardamom 2mg 6pk SAM,Infused Beverage,"$0.20S
$0.20R","10
ea","10
ea"
,,,,,,,M00001320403: Cann Social Tonic Grapefruit Rosemary 2mg 6pk SAM,Infused Beverage,"$0.20S
$0.20R","10
ea","10
ea"
,,,,,,,M00001320404: Cann Social Tonic Lemon Lavender 2mg 6pk SAM,Infused Beverage,"$0.20S
$0.20R","10
ea","10
ea"
,,,,,,,M00001325906: Cann Social Tonic Cranberry Sage 2mg 6pk,Infused Beverage,"$192.00S
$192.00R","16
ea","16
ea"
0000868790,RMD345-C,"Apothca, Inc.",MR282048,"GreenStar Herbals, Inc.",12/27/2021,12/28/2021,M00001256001: Cann Social Tonic Blood Orange Cardamom 2mg 6pk,Infused Beverage,"$300.00S
$300.00R","25
ea","25
ea"
,,,,,,,M00001256003: Cann Social Tonic Lemon Lavender 2mg 6pk,Infused Beverage,"$300.00S
$300.00R","25
ea","25
ea"
,,,,,,,M00001320402: Cann Social Tonic Blood Orange Cardamom 2mg 6pk SAM,Infused Beverage,"$0.40S
$0.40R","20
ea","20
ea"
,,,,,,,M00001320404: Cann Social Tonic Lemon Lavender 2mg 6pk SAM,Infused Beverage,"$0.40S
$0.40R","20
ea","20
ea"
,,,,,,,M00001325906: Cann Social Tonic Cranberry Sage 2mg 6pk,Infused Beverage,"$300.00S
$300.00R","25
ea","25
ea"
,,,,,,,M00001325907: Cann Social Tonic Cranberry Sage HiBoy 5mg 4pk,Infused Beverage,"$280.00S
$280.00R","20
ea","20
ea"
0000868791,RMD345-C,"Apothca, Inc.",RMD425-P,Mayflower Medicinals,12/27/2021,12/28/2021,M00001325907: Cann Social Tonic Cranberry Sage HiBoy 5mg 4pk,Infused Beverage,"$1,152.00S
$1,152.00R","96
ea","96
ea"
0000868792,RMD345-C,"Apothca, Inc.",MR282803,"Cypress Tree Management, Inc.",12/27/2021,12/28/2021,M00001256001: Cann Social Tonic Blood Orange Cardamom 2mg 6pk,Infused Beverage,"$264.00S
$264.00R","22
ea","22
ea"
,,,,,,,M00001256002: Cann Social Tonic Grapefruit Rosemary 2mg 6pk,Infused Beverage,"$264.00S
$264.00R","22
ea","22
ea"
,,,,,,,M00001256003: Cann Social Tonic Lemon Lavender 2mg 6pk,Infused Beverage,"$264.00S
$264.00R","22
ea","22
ea"
,,,,,,,M00001325906: Cann Social Tonic Cranberry Sage 2mg 6pk,Infused Beverage,"$288.00S
$288.00R","24
ea","24
ea"
0000868794,RMD345-C,"Apothca, Inc.",RMD1465-R,Liberty Compassion,12/27/2021,12/28/2021,M00001256001: Cann Social Tonic Blood Orange Cardamom 2mg 6pk,Infused Beverage,"$384.00S
$384.00R","32
ea","32
ea"
,,,,,,,M00001325907: Cann Social Tonic Cranberry Sage HiBoy 5mg 4pk,Infused Beverage,"$476.00S
$476.00R","34
ea","34
ea"
0000868841,RMD345-C,"Apothca, Inc.",RMD405-P,Revolutionary Clinics II,12/27/2021,12/29/2021,M00001325907: Cann Social Tonic Cranberry Sage HiBoy 5mg 4pk,Infused Beverage,"$10,800.00S
$10,800.00R","900
ea","900
ea"
0000870059,RMD345-C,"Apothca, Inc.",MP281319,"Northeast Alternatives, Inc.",12/28/2021,12/29/2021,M00001256001: Cann Social Tonic Blood Orange Cardamom 2mg 6pk,Infused Beverage,"$720.00S
$720.00R","60
ea","60
ea"
,,,,,,,M00001256002: Cann Social Tonic Grapefruit Rosemary 2mg 6pk,Infused Beverage,"$720.00S
$720.00R","60
ea","60
ea"
,,,,,,,M00001256003: Cann Social Tonic Lemon Lavender 2mg 6pk,Infused Beverage,"$720.00S
$720.00R","60
ea","60
ea"
,,,,,,,M00001325906: Cann Social Tonic Cranberry Sage 2mg 6pk,Infused Beverage,"$720.00S
$720.00R","60
ea","60
ea"
,,,,,,,M00001325907: Cann Social Tonic Cranberry Sage HiBoy 5mg 4pk,Infused Beverage,"$840.00S
$840.00R","60
ea","60
ea"
0000870146,RMD345-C,"Apothca, Inc.",MR281588,"Temescal Wellness of Massachusetts, LLC",12/28/2021,12/29/2021,M00001256001: Cann Social Tonic Blood Orange Cardamom 2mg 6pk,Infused Beverage,"$300.00S
$300.00R","25
ea","25
ea"
,,,,,,,M00001256002: Cann Social Tonic Grapefruit Rosemary 2mg 6pk,Infused Beverage,"$180.00S
$180.00R","15
ea","15
ea"
,,,,,,,M00001256003: Cann Social Tonic Lemon Lavender 2mg 6pk,Infused Beverage,"$240.00S
$240.00R","20
ea","20
ea"
,,,,,,,M00001320402: Cann Social Tonic Blood Orange Cardamom 2mg 6pk SAM,Infused Beverage,"$0.10S
$0.10R","5
ea","5
ea"
,,,,,,,M00001320403: Cann Social Tonic Grapefruit Rosemary 2mg 6pk SAM,Infused Beverage,"$0.10S
$0.10R","5
ea","5
ea"
,,,,,,,M00001320404: Cann Social Tonic Lemon Lavender 2mg 6pk SAM,Infused Beverage,"$0.10S
$0.10R","5
ea","5
ea"
,,,,,,,M00001325906: Cann Social Tonic Cranberry Sage 2mg 6pk,Infused Beverage,"$180.00S
$180.00R","15
ea","15
ea"
0000870278,RMD345-C,"Apothca, Inc.",MR282033,"Temescal Wellness of Massachusetts, LLC",12/28/2021,12/29/2021,M00001256001: Cann Social Tonic Blood Orange Cardamom 2mg 6pk,Infused Beverage,"$300.00S
$300.00R","25
ea","25
ea"
,,,,,,,M00001256002: Cann Social Tonic Grapefruit Rosemary 2mg 6pk,Infused Beverage,"$180.00S
$180.00R","15
ea","15
ea"
,,,,,,,M00001256003: Cann Social Tonic Lemon Lavender 2mg 6pk,Infused Beverage,"$240.00S
$240.00R","20
ea","20
ea"
,,,,,,,M00001320402: Cann Social Tonic Blood Orange Cardamom 2mg 6pk SAM,Infused Beverage,"$0.10S
$0.10R","5
ea","5
ea"
,,,,,,,M00001320403: Cann Social Tonic Grapefruit Rosemary 2mg 6pk SAM,Infused Beverage,"$0.10S
$0.10R","5
ea","5
ea"
,,,,,,,M00001325906: Cann Social Tonic Cranberry Sage 2mg 6pk,Infused Beverage,"$180.00S
$180.00R","15
ea","15
ea"
0000872952,RMD345-C,"Apothca, Inc.",MR281800,Native Sun Wellness INC,12/30/2021,12/31/2021,M00001256001: Cann Social Tonic Blood Orange Cardamom 2mg 6pk,Infused Beverage,"$180.00S
$180.00R","15
ea","15
ea"
,,,,,,,M00001256002: Cann Social Tonic Grapefruit Rosemary 2mg 6pk,Infused Beverage,"$180.00S
$180.00R","15
ea","15
ea"
,,,,,,,M00001256003: Cann Social Tonic Lemon Lavender 2mg 6pk,Infused Beverage,"$180.00S
$180.00R","15
ea","15
ea"
,,,,,,,M00001320402: Cann Social Tonic Blood Orange Cardamom 2mg 6pk SAM,Infused Beverage,"$0.20S
$0.20R","10
ea","10
ea"
,,,,,,,M00001320403: Cann Social Tonic Grapefruit Rosemary 2mg 6pk SAM,Infused Beverage,"$0.20S
$0.20R","10
ea","10
ea"
,,,,,,,M00001320404: Cann Social Tonic Lemon Lavender 2mg 6pk SAM,Infused Beverage,"$0.20S
$0.20R","10
ea","10
ea"
,,,,,,,M00001325906: Cann Social Tonic Cranberry Sage 2mg 6pk,Infused Beverage,"$180.00S
$180.00R","15
ea","15
ea"
,,,,,,,M00001325907: Cann Social Tonic Cranberry Sage HiBoy 5mg 4pk,Infused Beverage,"$210.00S
$210.00R","15
ea","15
ea"
0000873047,RMD345-C,"Apothca, Inc.",MR283323,"Heal Sturbridge, Inc.",12/30/2021,12/31/2021,M00001256001: Cann Social Tonic Blood Orange Cardamom 2mg 6pk,Infused Beverage,"$480.00S
$480.00R","40
ea","40
ea"
,,,,,,,M00001256002: Cann Social Tonic Grapefruit Rosemary 2mg 6pk,Infused Beverage,"$180.00S
$180.00R","15
ea","15
ea"
,,,,,,,M00001256003: Cann Social Tonic Lemon Lavender 2mg 6pk,Infused Beverage,"$240.00S
$240.00R","20
ea","20
ea"
,,,,,,,M00001325906: Cann Social Tonic Cranberry Sage 2mg 6pk,Infused Beverage,"$240.00S
$240.00R","20
ea","20
ea"
0000873301,RMD345-C,"Apothca, Inc.",MR281970,"Garden Wonders, Inc",12/30/2021,,M00001256001: Cann Social Tonic Blood Orange Cardamom 2mg 6pk,Infused Beverage,$336.00S,"28
ea","0
ea"
,,,,,,,M00001256002: Cann Social Tonic Grapefruit Rosemary 2mg 6pk,Infused Beverage,$336.00S,"28
ea","0
ea"
,,,,,,,M00001256003: Cann Social Tonic Lemon Lavender 2mg 6pk,Infused Beverage,$336.00S,"28
ea","0
ea"
,,,,,,,M00001325906: Cann Social Tonic Cranberry Sage 2mg 6pk,Infused Beverage,$336.00S,"28
ea","0
ea"
,,,,,,,M00001325907: Cann Social Tonic Cranberry Sage HiBoy 5mg 4pk,Infused Beverage,$420.00S,"30
ea","0
ea"
0000873402,RMD345-C,"Apothca, Inc.",MR282318,HIGHMINDED LLC,12/30/2021,12/31/2021,M00001256001: Cann Social Tonic Blood Orange Cardamom 2mg 6pk,Infused Beverage,"$960.00S
$960.00R","80
ea","80
ea"
0000873402,RMD345-C,"Apothca, Inc.",MR282318,HIGHMINDED LLC,12/30/2021,12/31/2021,M00001256002: Cann Social Tonic Grapefruit Rosemary 2mg 6pk,Infused Beverage,"$480.00S
$480.00R","40
ea","40
ea"
0000873402,RMD345-C,"Apothca, Inc.",MR282318,HIGHMINDED LLC,12/30/2021,12/31/2021,M00001256003: Cann Social Tonic Lemon Lavender 2mg 6pk,Infused Beverage,"$960.00S
$960.00R","80
ea","80
ea"
0000873402,RMD345-C,"Apothca, Inc.",MR282318,HIGHMINDED LLC,12/30/2021,12/31/2021,M00001325906: Cann Social Tonic Cranberry Sage 2mg 6pk,Infused Beverage,"$720.00S
$720.00R","60
ea","60
ea"
0000873402,RMD345-C,"Apothca, Inc.",MR282318,HIGHMINDED LLC,12/30/2021,12/31/2021,M00001325907: Cann Social Tonic Cranberry Sage HiBoy 5mg 4pk,Infused Beverage,"$1,120.00S
$1,120.00R","80
ea","80
ea"