state,door,account,Delivery,sales_rep
CA,MedMen DTLA - Distro,MedMen,No,Jen
CA,Medmen Seaside,MedMen,No,Jen
CA,Medmen Weho,MedMen,No,Jen
CA,MedMen Beverly Hills,MedMen,No,Jen
CA,MedMen OC,MedMen,No,Jen
CA,Medmen San Diego,MedMen,No,Jen
CA,Medmen San Jose,MedMen,No,Jen
CA,Medmen Sorrento,MedMen,No,Jen
CA,MedMen DTLA Retail,MedMen,No,Jen
CA,MedMen Abbot Kinney,MedMen,No,Jen
CA,The Higher Path,* Independent Kiva Sales & Service,No,Ryan
CA,Hall of Flowers 2019 (Community Gardens Inc.),* Independent Kiva Sales & Service,No,NA - DTC
CA,Kannabis Works,* Independent Kiva Sales & Service,No,Ryan
CA,OC3,* Independent Kiva Sales & Service,No,Ryan
CA,Cornerstone Research Collective,* Independent Kiva Sales & Service,No,Ryan
CA,Erba,Erba,No,Jen
CA,The Cannabist,Columbia Care,No,Karlie
CA,Torrey Holistics,Torrey Holistics,No,Karlie
CA,OG Cannabis Cafe,* Independent Kiva Sales & Service,No,Ryan
CA,The Green Goddess Collective,* Independent Kiva Sales & Service,No,Ryan
CA,From The Earth DBO,From the Earth,No,Ryan
CA,Genius Boutique,* Independent Kiva Sales & Service,No,Ryan
CA,Rose Collective,* Independent Kiva Sales & Service,No,Ryan
CA,805 Beach Breaks (Harvest),Harvest,No,Ryan
CA,Coastal Dispensary,Coastal,No,TBH
CA,NHC - Grover Beach,NHC,No,Ryan
CA,Ojai Greens,* Independent Kiva Sales & Service,No,Ryan
CA,PureLife,* Independent Kiva Sales & Service,No,Ryan
CA,Sweet Flower Melrose,Sweet Flower,No,Karlie
CA,Sweet Flower Studio City,Sweet Flower,No,Karlie
CA,Apothekare,Americannmade,No,Ryan
CA,"dba Mankind WILD WEST INDUSTRIES, INC.",* Independent Kiva Sales & Service,No,Karlie
CA,Organic Green Treatment Center (LA Cannabis LA),LA Cannabis Co.,No,Ryan
CA,The Pottery,Glass House Group,No,Jen
CA,Melrose Herbal Collective (LA Cannabis La Brea),LA Cannabis Co.,No,Ryan
CA,"DTPG Collective, Inc.",* Independent Kiva Sales & Service,No,Ryan
CA,Farmacy SB,Glass House Group,No,Jen
CA,LAX CC,* Independent Kiva Sales & Service,No,Ryan
CA,New Amsterdam Naturals,* Independent Kiva Sales & Service,No,Ryan
CA,Sespe Creek Collective,* Independent Kiva Sales & Service,No,Ryan
CA,The Kind Center,* Independent Kiva Sales & Service,No,Ryan
CA,"Euphoric Caregivers, Prop- 215",* Independent Kiva Sales & Service,No,Ryan
CA,Marina Caregivers,* Independent Kiva Sales & Service,No,Ryan
CA,Safeport,* Independent Kiva Sales & Service,No,Ryan
CA,SkyHigh,* Independent Kiva Sales & Service,No,Ryan
CA,420 Central,* Independent Kiva Sales & Service,No,Ryan
CA,Beyond Hello,Beyond Hello/Jushi Brand,No,Jen
CA,HOTN Cultivation Co.,* Independent Kiva Sales & Service,No,Ryan
CA,Moe Greens,Barbary Group,No,Ryan
CA,California Alternative Caregivers,* Independent Kiva Sales & Service,No,Ryan
CA,Solful,Solful,No,Ryan
CA,Cannasseurs Club - NoHo,* Independent Kiva Sales & Service,No,Ryan
CA,House of Flowers,* Independent Kiva Sales & Service,No,Ryan
CA,Atrium,Atrium,No,Karlie
CA,Barbary Coast - Sunset,Barbary Group,No,Ryan
CA,Elemental Wellness Center,* Independent Kiva Sales & Service,No,Ryan
CA,Natural Herbal Pain Relief,* Independent Kiva Sales & Service,No,Ryan
CA,A Green Alternative Cooperative,* Independent Kiva Sales & Service,No,Ryan
CA,Coastal West LA,Coastal,No,TBH
CA,EAST OF EDEN CANNABIS COMPANY,EOE Group,No,Ryan
CA,Flower Power SF,* Independent Kiva Sales & Service,No,Ryan
CA,New life CA,* Independent Kiva Sales & Service,No,Ryan
CA,Responsible Patient Care (SPARC),SPARC,No,Ryan
CA,Sava,* Independent Kiva Sales & Service,Yes,Elyse
CA,The Lift,* Independent Kiva Sales & Service,No,Ryan
CA,The Reserve SD,* Independent Kiva Sales & Service,No,Ryan
CA,Urbana Geary,Urbana,No,TBH
CA,Vapor Room,* Independent Kiva Sales & Service,No,Ryan
CA,7 Stars Holistic Healing Center,* Independent Kiva Sales & Service,No,Ryan
CA,710 SF INC.,* Independent Kiva Sales & Service,No,Ryan
CA,Buds and Roses,* Independent Kiva Sales & Service,No,Ryan
CA,California City Supply,* Independent Kiva Sales & Service,No,Ryan
CA,Exhale Med Center,* Independent Kiva Sales & Service,No,Ryan
CA,Nice Guys Delivery,* Independent Kiva Sales & Service,No,TBH
CA,ONA.life,* Independent Kiva Sales & Service,No,TBH
CA,Synchronicity Holistic,* Independent Kiva Sales & Service,No,Ryan
CA,White Fire,EOE Group,No,Ryan
CA,CCA California Caregivers Alliance,* Independent Kiva Sales & Service,No,Ryan
CA,Hi Fidelity- Micro,* Independent Kiva Sales & Service,No,Ryan
CA,Mecca,* Independent Kiva Sales & Service,No,Ryan
CA,Mission Cannabis Club (Shambhala Healing Center),* Independent Kiva Sales & Service,No,Ryan
CA,MMD NoHo,MMD,No,Ryan
CA,Organic Greens Collective (OGC Goleta),* Independent Kiva Sales & Service,No,Ryan
CA,Satori Wellness,* Independent Kiva Sales & Service,No,Ryan
CA,Urbana Mission,Urbana,No,TBH
CA,CBCB - Cannabis Buyers Club of Berkeley,* Independent Kiva Sales & Service,No,Ryan
CA,HEMPSVISION,* Independent Kiva Sales & Service,No,Ryan
CA,Hollywood High Grade,* Independent Kiva Sales & Service,No,Ryan
CA,March and Ash IV,March and Ash,No,Karlie
CA,Purple Star MD,* Independent Kiva Sales & Service,No,Ryan
CA,Santa Barbara Care Center,* Independent Kiva Sales & Service,No,Ryan
CA,Sweet Flower DTLA,Sweet Flower,No,Karlie
CA,The M.O.C.,* Independent Kiva Sales & Service,No,Ryan
CA,March and Ash MV,March and Ash,No,Karlie
CA,Peoples OC,Unrivaled Brands,No,Karlie
CA,Phog Center LLC - Medicinal,* Independent Kiva Sales & Service,No,Ryan
CA,BASA- Bay Area Safe Alternatives,* Independent Kiva Sales & Service,No,Ryan
CA,Flora Terra,* Independent Kiva Sales & Service,No,Ryan
CA,Goddess Delivers,Ganja Goddess,No,Ryan
CA,"Harvest of Napa, INC- Napa - Medicinal",Harvest,No,Ryan
CA,Herbal Cruz,* Independent Kiva Sales & Service,No,Ryan
CA,Los Angeles Valley Caregivers -LAVC,* Independent Kiva Sales & Service,No,Ryan
CA,March and Ash Vista,March and Ash,No,Karlie
CA,MediThrive,* Independent Kiva Sales & Service,No,Ryan
CA,Sacramento Confidential Delivery,* Independent Kiva Sales & Service,No,Ryan
CA,TreeHouse,* Independent Kiva Sales & Service,No,Ryan
CA,Euphorium Oakland,* Independent Kiva Sales & Service,No,Ryan
CA,Harvest Bloom - Redwood City,* Independent Kiva Sales & Service,No,Ryan
CA,The Artist Tree - Beverly,The Artist Tree,No,Ryan
CA,Cookies Melrose,* Independent Kiva Sales & Service,No,Jen
CA,Green Dot Collective,* Independent Kiva Sales & Service,No,Not In Mapping
CA,Greenhouse Herbal Center,* Independent Kiva Sales & Service,No,Ryan
CA,Pacific Paradise Retailer Corp,* Independent Kiva Sales & Service,No,Ryan
CA,Zenganic,* Independent Kiva Sales & Service,No,Ryan
CA,Berkeley Patients Group (BPG),* Independent Kiva Sales & Service,No,Ryan
CA,Grass Roots,* Independent Kiva Sales & Service,No,Ryan
CA,Harborside,Harborside,No,Karlie
CA,Airfield Supply Co.,* Independent Kiva Sales & Service,No,TBH
CA,Amenta Systems,* Independent Kiva Sales & Service,No,Ryan
CA,Bud and Bloom- Santa Ana,Glass House Group,No,Jen
CA,Dutchman's Flat,* Independent Kiva Sales & Service,No,Ryan
CA,Green Earth Collective,Green Earth,No,Ryan
CA,"LYTT, LLC",* Independent Kiva Sales & Service,No,Ryan
CA,Strains Dispensary,* Independent Kiva Sales & Service,No,Ryan
CA,The Leaf,* Independent Kiva Sales & Service,No,Karlie
CA,Mountain Remedy,* Independent Kiva Sales & Service,No,Ryan
CA,East Bay Therapeutics,N. Azimi,No,Ryan
CA,Hazy Bulldog Farms LLC,* Independent Kiva Sales & Service,No,Ryan
CA,The Green Peakz LLC,* Independent Kiva Sales & Service,No,Ryan
CA,The Prime Leaf,* Independent Kiva Sales & Service,No,Ryan
CA,Dr. Greenthumb - Sacramento,DGT,No,Ryan
CA,Blum San Leandro,BLUM,No,NorCal
CA,Dr Green RX,* Independent Kiva Sales & Service,No,Ryan
CA,Elevated - San Francisco,* Independent Kiva Sales & Service,No,Ryan
CA,"West Cliff Provisions, Inc.",* Independent Kiva Sales & Service,No,Ryan
CA,"High Hacks Holdings, Inc.",* Independent Kiva Sales & Service,No,Ryan
CA,Klover Up,* Independent Kiva Sales & Service,No,Ryan
CA,Cookies Oakland,Cookies Corp,No,Jen
CA,"The Country Club, LLC",* Independent Kiva Sales & Service,No,Ryan
CA,Calwave Enterprises Inc,* Independent Kiva Sales & Service,No,Ryan
CA,CHAI Cannabis Co - Santa Cruz,CHAi,No,Ryan
CA,Higher Level Seaside,Higher Level,No,Ryan
CA,Phytologie Wellness Center - Micro,* Independent Kiva Sales & Service,No,Ryan
CA,Blunts and Moore,* Independent Kiva Sales & Service,No,Ryan
CA,Flowsent,* Independent Kiva Sales & Service,No,Ryan
CA,Golden State Greens,* Independent Kiva Sales & Service,No,Ryan
CA,Big Sur Cannabotanicals,* Independent Kiva Sales & Service,No,Ryan
CA,Liberty Beach Center,Holistic Health / Liberty,No,TBH
CA,Strain Balboa Caregivers,* Independent Kiva Sales & Service,No,Ryan
CA,The Reef,ShowGrow,No,Ryan
CA,Unified Patients Alliance,* Independent Kiva Sales & Service,No,Ryan
CA,US Bloom,* Independent Kiva Sales & Service,No,Ryan
CA,Captain Jacks,* Independent Kiva Sales & Service,No,Karlie
CA,Society Jane,* Independent Kiva Sales & Service,No,Ryan
CA,The Leonard Moore Cooperative,* Independent Kiva Sales & Service,No,Ryan
CA,Underground Medicinals Inc,* Independent Kiva Sales & Service,No,Ryan
CA,VHHC - Vallejo Holistic Health Center,VHHC,No,Ryan
CA,1841 El Camino (Horizon),* Independent Kiva Sales & Service,No,Ryan
CA,All About Wellness,* Independent Kiva Sales & Service,No,Ryan
CA,Big Moon Sky,* Independent Kiva Sales & Service,No,Ryan
CA,iCANN,Glass House Group,No,Jen
CA,Lemonnade - Sac,Golden Group,No,Ryan
CA,MMD Marina del Rey,MMD,No,Ryan
CA,Perfect Union - Northside,Perfect Union,No,Ryan
CA,Two Rivers Wellness,* Independent Kiva Sales & Service,No,Ryan
CA,La Brea Collective,* Independent Kiva Sales & Service,No,Ryan
CA,Vista TradeCraft,* Independent Kiva Sales & Service,No,Ryan
CA,Barbary Coast,Barbary Group,No,Ryan
CA,Delta Dispensary,* Independent Kiva Sales & Service,No,Ryan
CA,MISSION ORGANIC CENTER,* Independent Kiva Sales & Service,No,Ryan
CA,SPARC Mission,SPARC,No,Ryan
CA,The Spot - Halladay,* Independent Kiva Sales & Service,No,Ryan
CA,Farmhouse Artisan Market,* Independent Kiva Sales & Service,No,Ryan
CA,Plantacea,* Independent Kiva Sales & Service,No,Ryan
CA,AHHS Weho,* Independent Kiva Sales & Service,No,Ryan
CA,Northern Erudite Ventures,* Independent Kiva Sales & Service,No,Ryan
CA,Rebud - GLS,Rebud,No,Ryan
CA,Alpha Core Inc.,* Independent Kiva Sales & Service,No,Ryan
CA,Elevate - Woodland Hills,Elevate - SoCal,No,Ryan
CA,Mercy Wellness - Cotati,Mercy Wellness,No,Ryan
CA,Life Enhancement Services,* Independent Kiva Sales & Service,No,Ryan
CA,The Guild - Micro,* Independent Kiva Sales & Service,No,Ryan
CA,NXTLVL INC.,* Independent Kiva Sales & Service,No,Ryan
CA,2ONE2 California,Cali Distro,No,Ryan
CA,Flora Verde,* Independent Kiva Sales & Service,No,Ryan
CA,Community Gardens - OAKLAND,* Independent Kiva Sales & Service,No,NorCal
CA,California Street Cannabis Co,* Independent Kiva Sales & Service,No,Ryan
CA,McDoestle / Flower Co.,McDoestle,No,N/A DTC
CA,Sherbinskis,Emjay,No,Karlie
CA,The Sanctuary,* Independent Kiva Sales & Service,No,Ryan
CA,One Plant - El Sobrante,CHAi / One Plant,No,Ryan
CA,The Apothecarium - Howard Street,Apothecarium,No,Elyse
CA,The Apothecarium - Deep Thought,Apothecarium,No,Elyse
CA,SPARC- Haight Street,SPARC,No,Ryan
CA,The Apothecarium - SF,Apothecarium,No,Elyse
CA,Prussian Sticks LLC,McDoestle,No,Not In Mapping
CA,SPARC Sebastopol,SPARC,No,Ryan
CA,(INACTIVE) Bellflower (Caliva),The Parent Co.,No,TBH
CA,Serra,* Independent Kiva Sales & Service,No,Ryan
CA,Doobie Nights,* Independent Kiva Sales & Service,No,Ryan
CA,Royal Apothecary L.L.C.,* Independent Kiva Sales & Service,No,Ryan
CA,High Tides,* Independent Kiva Sales & Service,No,Ryan
CA,Cookies Merced,Cookies Corp,No,Jen
CA,Desert Organic Solutions,* Independent Kiva Sales & Service,No,Ryan
CA,Cali Distribution Inc,Cali Distro,No,Ryan
CA,HYBRID LA,* Independent Kiva Sales & Service,No,Ryan
CA,Velvet,Velvet,No,TBH
CA,AMC,Kolas,No,Ryan
CA,CC101,Kolas,No,Ryan
CA,Cloud 9,Kolas,No,Ryan
CA,Doctor's Orders,Kolas,No,Ryan
CA,House of Organics,Kolas,No,Ryan
CA,THC,Kolas,No,Ryan
CA,"HERBAL COOPERATIVE, INC.",* Independent Kiva Sales & Service,No,Ryan
CA,HIGHER LEVEL OF CARE HOLLISTER INC.,Higher Level,No,Ryan
CA,Atomic Budz,* Independent Kiva Sales & Service,No,Ryan
CA,Caliva - Distro,The Parent Co.,No,TBH
CA,HiKei,* Independent Kiva Sales & Service,No,Ryan
CA,Holistic Pain Relief (LA Cannabis Co),LA Cannabis Co.,No,Ryan
CA,Eureka Sky,* Independent Kiva Sales & Service,No,Ryan
CA,"NC4 SYSTEMS, INC. (Caliva)",The Parent Co.,No,TBH
CA,Super Clinik,Super Clinik,No,Ryan
CA,Cookies Maywood,* Independent Kiva Sales & Service,No,Jen
CA,The Artist Tree,The Artist Tree,No,Ryan
CA,Circle of Hope-Northridge,* Independent Kiva Sales & Service,No,Ryan
CA,Harvest of Venice,Harvest,No,Ryan
CA,Flower Market Delivery,* Independent Kiva Sales & Service,No,Ryan
CA,"Holdings Of Harvest, CA LLC",Harvest,No,Ryan
CA,PSA Organica,* Independent Kiva Sales & Service,No,Ryan
CA,High Times Oakland - Broadway,High Times Delivery,No,Ryan
CA,Lemonnade - South Sac (Florin),Golden Group,No,Ryan
CA,Mother Nature's Remedy,* Independent Kiva Sales & Service,No,Ryan
CA,COCO FARMS LLC,COCO Farms,No,Ryan
CA,RIO VISTA FARMS LLC,COCO Farms,No,Ryan
CA,The Higher Conscious,* Independent Kiva Sales & Service,No,Ryan
CA,Proper Wellness Inc (Rio Dell),* Independent Kiva Sales & Service,No,Ryan
CA,Connected Transportation Partners Inc,* Independent Kiva Sales & Service,No,TBH
CA,Urbn Leaf - Distro,Urbn Leaf,No,Karlie
CA,MCEC - Medical cannabis education center,* Independent Kiva Sales & Service,No,Ryan
CA,The Plant,* Independent Kiva Sales & Service,No,Ryan
CA,Firehaus,* Independent Kiva Sales & Service,No,Ryan
CA,Winter Greens,* Independent Kiva Sales & Service,No,Ryan
CA,Herb Delivery LA,* Independent Kiva Sales & Service,No,Ryan
CA,Fireplace Management Incorporated,* Independent Kiva Sales & Service,No,Ryan
CA,Ganja Goddess Delivery - Oakland,Ganja Goddess,No,Ryan
CA,Reese Dreams LLC,* Independent Kiva Sales & Service,No,Ryan
CA,TAHOE WELLNESS CENTER,* Independent Kiva Sales & Service,No,Ryan
CA,"Juva RWC, Inc.",Juva,No,Ryan
CA,Purple Lotus Patient Center,* Independent Kiva Sales & Service,No,Ryan
CA,CRAFT,* Independent Kiva Sales & Service,No,Ryan
CA,SAS - Cookies Sac,Golden Group,No,Ryan
CA,Cookies Modesto,Cookies Corp,No,Jen
CA,Luvbrite Collective,* Independent Kiva Sales & Service,No,Ryan
CA,"Satlla, Inc",* Independent Kiva Sales & Service,No,Ryan
CA,Humboldt Herb & Market,* Independent Kiva Sales & Service,No,Ryan
CA,Proper Wellness Inc.,* Independent Kiva Sales & Service,No,Ryan
CA,Taste,* Independent Kiva Sales & Service,No,Ryan
CA,ASHE Society,* Independent Kiva Sales & Service,No,Ryan
CA,Berners on Haight,Cookies Corp,No,Jen
CA,Connected - Sacramento,Connected,No,Ryan
CA,Connected - SF,Connected,No,Ryan
CA,SDRC,SDRC,No,Ryan
CA,VERSAGENIX INC.,* Independent Kiva Sales & Service,No,Ryan
CA,"THE HERBIVORE, INC.",* Independent Kiva Sales & Service,No,Ryan
CA,The Honor Roll (Urban Buds),* Independent Kiva Sales & Service,No,Ryan
CA,The Growcery,* Independent Kiva Sales & Service,No,Ryan
CA,365 Recreational Cannabis,* Independent Kiva Sales & Service,No,Ryan
CA,Wings of Wellness (IE &OC),* Independent Kiva Sales & Service,No,Ryan
CA,Field of Dreams,* Independent Kiva Sales & Service,No,Ryan
CA,Green Cross of Torrance,* Independent Kiva Sales & Service,No,Ryan
CA,Greenlight Discount Pharmacy,* Independent Kiva Sales & Service,No,Ryan
CA,Love In It,* Independent Kiva Sales & Service,No,Ryan
CA,Silverlake Caregivers Group,* Independent Kiva Sales & Service,No,Ryan
CA,The Reefinery - Micro,* Independent Kiva Sales & Service,No,Ryan
CA,Exhalence,* Independent Kiva Sales & Service,No,Ryan
CA,F Street Dispensary,* Independent Kiva Sales & Service,No,Ryan
CA,Goldn Bloom,* Independent Kiva Sales & Service,No,Ryan
CA,Off the Charts - Vista,OTC,No,Ryan
CA,Rooted Cannabis Group - Van Nuys,Rooted Cannabis Group,No,Ryan
CA,"The Grove La Mesa, Inc. - Medicinal",* Independent Kiva Sales & Service,No,Ryan
CA,Elevate - Shasta Wellness,* Independent Kiva Sales & Service,No,Ryan
CA,Los Angeles Kush #1,* Independent Kiva Sales & Service,No,Ryan
CA,Nugg Club,* Independent Kiva Sales & Service,No,Elyse
CA,Sunset Herbal Corner,* Independent Kiva Sales & Service,No,Ryan
CA,Foothill Wellness Center,* Independent Kiva Sales & Service,No,Ryan
CA,Happy Leaf,* Independent Kiva Sales & Service,No,Ryan
CA,HSC Solutions,* Independent Kiva Sales & Service,No,Ryan
CA,The Heart of Humboldt - Micro,* Independent Kiva Sales & Service,No,Ryan
CA,Wheel House,* Independent Kiva Sales & Service,No,Ryan
CA,WHTC,* Independent Kiva Sales & Service,No,Ryan
CA,CCC City Compassionate Caregivers,* Independent Kiva Sales & Service,No,Ryan
CA,Have a Heart - Santa Cruz,Have a Heart,No,Ryan
CA,L.B. Collective,* Independent Kiva Sales & Service,No,Ryan
CA,Natural Cannabis Company Distribution,* Independent Kiva Sales & Service,No,Ryan
CA,High Times - Coalinga,High Times Delivery,No,Ryan
CA,Ascent Mammoth,* Independent Kiva Sales & Service,No,Ryan
CA,The Corner LB,* Independent Kiva Sales & Service,No,Karlie
CA,Ganjarunner - Oakland,Ganjarunner,No,Ryan
CA,Ganjarunner-Sacramento,Ganjarunner,No,Ryan
CA,HerbalCure Corporation,Ganjarunner,No,Ryan
CA,The Lighthouse Palm Springs,* Independent Kiva Sales & Service,No,Karlie
CA,Bay Care Delivery,* Independent Kiva Sales & Service,No,Ryan
CA,Herbarium,* Independent Kiva Sales & Service,No,Ryan
CA,Triple C Collective,* Independent Kiva Sales & Service,No,Ryan
CA,Coachella Valley Green Dragon,* Independent Kiva Sales & Service,No,Ryan
CA,Embarc Tahoe LLC,Embarc,No,Jen
CA,Evolv Cannabis,* Independent Kiva Sales & Service,No,Ryan
CA,Foggy Daze Delivery Service,* Independent Kiva Sales & Service,No,Ryan
CA,Socal Green Meds,SoCal Green Meds,No,Ryan
CA,PORT RETAIL LLC : Leaf and Lion,* Independent Kiva Sales & Service,No,Ryan
CA,Lighthouse Dispensary,* Independent Kiva Sales & Service,No,Ryan
CA,Shangri La Care Cooperative,* Independent Kiva Sales & Service,No,Ryan
CA,The Medicine Woman,* Independent Kiva Sales & Service,No,Ryan
CA,Divine Wellness Center,* Independent Kiva Sales & Service,No,Ryan
CA,The Westwood Farmacy,* Independent Kiva Sales & Service,No,Ryan
CA,Coastal Wellness,* Independent Kiva Sales & Service,No,Ryan
CA,Cookies La Mesa,Cookies Corp,No,Jen
CA,Stash Studio City,* Independent Kiva Sales & Service,No,Ryan
CA,King's Crew,* Independent Kiva Sales & Service,No,Ryan
CA,515 Broadway,* Independent Kiva Sales & Service,No,Ryan
CA,Green Remedy,* Independent Kiva Sales & Service,No,Ryan
CA,Harborside San Jose,Harborside,No,Karlie
CA,MMD of Long Beach,MMD,No,Ryan
CA,Sweet Flower Westwood,Sweet Flower,No,Karlie
CA,Canopy Club,* Independent Kiva Sales & Service,No,Ryan
CA,Harborside San Leandro (San Leandro Wellness),Harborside,No,Karlie
CA,Herban Legend,* Independent Kiva Sales & Service,No,Ryan
CA,"KDM Holdings, LLC",Stiiizy,No,Jen
CA,CALMA WEHO,* Independent Kiva Sales & Service,No,Ryan
CA,Eco Cannabis,* Independent Kiva Sales & Service,No,Ryan
CA,Harborside DHS,Harborside,No,Karlie
CA,Firehouse 64,* Independent Kiva Sales & Service,No,Ryan
CA,The Humboldt County Collective,* Independent Kiva Sales & Service,No,Ryan
CA,NRC Holistic Health Services Clinic,* Independent Kiva Sales & Service,No,Ryan
CA,The Joint,Speedy Weedy,No,Ryan
CA,Green Chamber,* Independent Kiva Sales & Service,No,Ryan
CA,One Plant - Salinas,CHAi / One Plant,No,Ryan
CA,Blue Zen Ventures Management,* Independent Kiva Sales & Service,No,Ryan
CA,"Flor X, Inc.",* Independent Kiva Sales & Service,No,Ryan
CA,Garden of Eden,* Independent Kiva Sales & Service,No,Ryan
CA,iLyfted Studio City,* Independent Kiva Sales & Service,No,Ryan
CA,"Jayden's Journey Cooperative, Inc.",* Independent Kiva Sales & Service,No,Ryan
CA,Three Habitat Consulting Atwater LLC,CHAi,No,Ryan
CA,Making You Smile,* Independent Kiva Sales & Service,No,Ryan
CA,"Sonoma Patient Group, Inc.",* Independent Kiva Sales & Service,No,Ryan
CA,reLeaf,Coastal,No,TBH
CA,Fountain Of Wellbeing A Cooperative Corporation (K,* Independent Kiva Sales & Service,No,Ryan
CA,The People's Remedy - Distro,* Independent Kiva Sales & Service,No,Ryan
CA,Curbstone Exchange,* Independent Kiva Sales & Service,No,Ryan
CA,Firefly Marin,* Independent Kiva Sales & Service,No,Ryan
CA,iLyfted - NoHo,* Independent Kiva Sales & Service,No,Ryan
CA,Therapeutic Healthcare Collective,* Independent Kiva Sales & Service,No,Ryan
CA,A Therapeutic Alternative,* Independent Kiva Sales & Service,No,Ryan
CA,Date Palm (The Vault),* Independent Kiva Sales & Service,No,Ryan
CA,"Jaguar Logistics Group, LLC",* Independent Kiva Sales & Service,No,Ryan
CA,Metro Cannabis Collective,* Independent Kiva Sales & Service,No,Ryan
CA,REEFER MADNESS,* Independent Kiva Sales & Service,No,Ryan
CA,Green Angel_2,* Independent Kiva Sales & Service,No,Ryan
CA,Megan's Organic Market,* Independent Kiva Sales & Service,No,Ryan
CA,Medallion Wellness,* Independent Kiva Sales & Service,No,Ryan
CA,The Apothecarium - Berkeley,Apothecarium,No,Elyse
CA,Royal Highness,* Independent Kiva Sales & Service,No,Ryan
CA,West Coast Cannabis Club,West Coast Cannabis Club,No,Ryan
CA,Santa Cruz Naturals Royal Oaks,Santa Cruz Naturals,No,Ryan
CA,Green Cross Pharma,* Independent Kiva Sales & Service,No,Ryan
CA,Joy of Wellness of Palm Springs,* Independent Kiva Sales & Service,No,Ryan
CA,Tropicanna,* Independent Kiva Sales & Service,No,Ryan
CA,Community Gardens - EAP,* Independent Kiva Sales & Service,No,Ryan
CA,OutCo El Cajon,OutCo,No,Ryan
CA,ShowGrow - Long Beach,ShowGrow,No,Ryan
CA,Calaveras Little Trees,* Independent Kiva Sales & Service,No,Ryan
CA,Connected - Stockton,Connected,No,Ryan
CA,Green Pearl,* Independent Kiva Sales & Service,No,Ryan
CA,The Coughy Shop,* Independent Kiva Sales & Service,No,Ryan
CA,Depot - The Green Goddess Inc.,Eaze,Yes,Elyse
CA,"Depot - ULBP, Inc (Primo Distrobution)",Eaze,Yes,Elyse
CA,"Depot - Westside Caregivers Club, Inc.",Eaze,Yes,Elyse
CA,THC SD,Columbia Care,No,Karlie
CA,Dank Depot,* Independent Kiva Sales & Service,No,Ryan
CA,"Depot - BW Macaw Group, Inc",Eaze,Yes,Elyse
CA,Depot - Hometown Heart - East Bay,Eaze,Yes,Elyse
CA,Depot - Hometown Heart - SF,Eaze,Yes,Elyse
CA,Harbor Collective,* Independent Kiva Sales & Service,No,Ryan
CA,Apothecary,* Independent Kiva Sales & Service,No,Ryan
CA,Depot - Holistic Healing Alternative,Eaze,Yes,Elyse
CA,Depot - The Natural Way of LA - Telos,Eaze,Yes,Elyse
CA,Catalyst Bellflower,Catalyst,No,Karlie
CA,Catalyst Belmont Shore,Catalyst,No,Karlie
CA,Catalyst Cherry,Catalyst,No,Karlie
CA,Catalyst Eastside,Catalyst,No,Karlie
CA,Catalyst Santa Ana,Catalyst,No,Karlie
CA,Depot - Ohana Gardens,Eaze,Yes,Elyse
CA,Depot - Fume Cotati,Eaze,Yes,Elyse
CA,Gencan - High Times Delivery,High Times Delivery,No,Ryan
CA,Mountain High Recreation (High Times),High Times Delivery,No,Ryan
CA,Planet Budz,* Independent Kiva Sales & Service,No,Ryan
CA,Shango,* Independent Kiva Sales & Service,No,Ryan
CA,Token Farms,* Independent Kiva Sales & Service,No,Ryan
CA,Cookies Hayward,Cookies Corp,No,Jen
CA,BudsBox,* Independent Kiva Sales & Service,No,Ryan
CA,Iguana Collective,* Independent Kiva Sales & Service,No,Ryan
CA,Pure CA,* Independent Kiva Sales & Service,No,Ryan
CA,Rooted Cannabis Group - Oakland,Rooted Cannabis Group,No,Ryan
CA,Bento Delivery,* Independent Kiva Sales & Service,No,Ryan
CA,Long Beach Wellness Center,* Independent Kiva Sales & Service,No,Ryan
CA,Rockstar Cannabis Club Inc,* Independent Kiva Sales & Service,No,Ryan
CA,Calibueno,* Independent Kiva Sales & Service,No,Ryan
CA,Amuse Delivery,Amuse,No,Elyse
CA,MMD - Hollywood,MMD,No,Ryan
CA,"ALTERNATIVES, A HEALTH COLLECTIVE",* Independent Kiva Sales & Service,No,Ryan
CA,Green Brier,* Independent Kiva Sales & Service,No,Ryan
CA,"Caliva CAMISJ2, Inc",The Parent Co.,No,TBH
CA,Nibble This,Stiiizy,No,Jen
CA,Roots,* Independent Kiva Sales & Service,No,Ryan
CA,"Depot - Clearlake Growth Fund II, Inc",Eaze,Yes,Elyse
CA,Flight on Cherry,* Independent Kiva Sales & Service,No,Ryan
CA,Tahoe Green,* Independent Kiva Sales & Service,No,Ryan
CA,BayQueen,* Independent Kiva Sales & Service,No,Ryan
CA,Moonflower Delivery,* Independent Kiva Sales & Service,No,Ryan
CA,Down Under Industries Inc,* Independent Kiva Sales & Service,No,Ryan
CA,Kind Delivery,* Independent Kiva Sales & Service,No,Ryan
CA,Lit La Mesa,* Independent Kiva Sales & Service,No,Ryan
CA,Depot - Wilson St.,Eaze,Yes,Elyse
CA,Fiori,* Independent Kiva Sales & Service,No,Ryan
CA,Jade Room - Shannon,Jade Room,No,Ryan
CA,HPC - Port Hueneme,* Independent Kiva Sales & Service,No,Ryan
CA,Rebud - Elodie,Rebud,No,Ryan
CA,Sovereign,* Independent Kiva Sales & Service,No,Ryan
CA,Cookies San Bernardino,Cookies Corp,No,Jen
CA,Marie's Deliverables,* Independent Kiva Sales & Service,No,Ryan
CA,Pure Aloha,* Independent Kiva Sales & Service,No,Ryan
CA,Coastal Delivery - Santa Barbara,The Parent Co.,No,TBH
CA,Higher Vision,* Independent Kiva Sales & Service,No,Ryan
CA,MARY JANE'S COLLECTIVE CAREGIVERS,* Independent Kiva Sales & Service,No,Ryan
CA,Bloom Room,* Independent Kiva Sales & Service,No,Ryan
CA,Haze,* Independent Kiva Sales & Service,No,Ryan
CA,Patient Care First - Distro,The Premier Group,No,Ryan
CA,Kush Alley - Medicinal,* Independent Kiva Sales & Service,No,Ryan
CA,420 Kingdom,* Independent Kiva Sales & Service,No,Ryan
CA,"Herbal Remedies Caregivers, Inc.",* Independent Kiva Sales & Service,No,Ryan
CA,Shatter,* Independent Kiva Sales & Service,No,Ryan
CA,Empire Gardens - Perris,* Independent Kiva Sales & Service,No,Ryan
CA,Good Lyfe,* Independent Kiva Sales & Service,No,Ryan
CA,Sun Valley Caregivers,* Independent Kiva Sales & Service,No,Ryan
CA,Sugar Budz,* Independent Kiva Sales & Service,No,Ryan
CA,PAC LA,* Independent Kiva Sales & Service,No,Ryan
CA,Medcare Farms,* Independent Kiva Sales & Service,No,Karlie
CA,West Clinik,Super Clinik,No,Ryan
CA,"West Valley Patients Center, Inc.",* Independent Kiva Sales & Service,No,Ryan
CA,D & M COMPASSION CENTER,* Independent Kiva Sales & Service,No,Ryan
CA,Palm Royale Collective,* Independent Kiva Sales & Service,No,Ryan
CA,SPARC 14th (LOPARC),SPARC,No,Ryan
CA,Bare Dispensary,* Independent Kiva Sales & Service,No,Ryan
CA,Case Farms,* Independent Kiva Sales & Service,No,Ryan
CA,PH Tradecraft Farms,TradeCraft,No,Karlie
CA,Remedy,* Independent Kiva Sales & Service,No,Ryan
CA,HPRC - Humboldt,* Independent Kiva Sales & Service,No,Ryan
CA,Perfect Union - Lompoc,Perfect Union,No,Ryan
CA,Fig and Thistle Apothecary,* Independent Kiva Sales & Service,No,Ryan
CA,Dr Greenthumb Cat City,* Independent Kiva Sales & Service,No,Ryan
CA,Mother Earth's Farmacy,* Independent Kiva Sales & Service,No,Ryan
CA,Napa Cannabis Collective,* Independent Kiva Sales & Service,No,Ryan
CA,Beyond / Hello,Beyond Hello/Jushi Brand,No,Jen
CA,Elevate - Los Angeles,Elevate - SoCal,No,Ryan
CA,Cannaco Research Corp,* Independent Kiva Sales & Service,No,Ryan
CA,Blum Oakland,BLUM,No,NorCal
CA,Hightend,* Independent Kiva Sales & Service,No,Ryan
CA,The Apothecarium - Capitola,Apothecarium,No,Elyse
CA,Golden Gate Cannabis,* Independent Kiva Sales & Service,No,Ryan
CA,Mammoth Holistics,Torrey Holistics,No,Karlie
CA,Santa Barbara Collective,* Independent Kiva Sales & Service,No,Ryan
CA,Off the Charts - Palm Springs,* Independent Kiva Sales & Service,No,Ryan
CA,"Aloha Aina, Inc",Cali Distro,No,Ryan
CA,Alpine Alternative,Vibe by CA,No,Ryan
CA,Cannablue,* Independent Kiva Sales & Service,No,Ryan
CA,California Collective Care,* Independent Kiva Sales & Service,No,Ryan
CA,Eagle Eye LLC,* Independent Kiva Sales & Service,No,Ryan
CA,EVR Managers LLC,Vibe by CA,No,Ryan
CA,Port City Alternative-Stockton - Medicinal,Vibe by CA,No,Ryan
CA,Semilla HRC,* Independent Kiva Sales & Service,No,Ryan
CA,The Farmers Flower,* Independent Kiva Sales & Service,No,Ryan
CA,"Three Habitat Consulting Antioch, LLC",CHAi,No,Ryan
CA,Calac Wellness,* Independent Kiva Sales & Service,No,Ryan
CA,DC Collective,* Independent Kiva Sales & Service,No,Ryan
CA,Gilbert Express and Cannabis Express,* Independent Kiva Sales & Service,No,Ryan
CA,Zen Healing Collective,* Independent Kiva Sales & Service,No,Ryan
CA,Rebud - Montebello,Rebud,No,Ryan
CA,THE COOKIE COMPANY,* Independent Kiva Sales & Service,No,Ryan
CA,Global Greenz,* Independent Kiva Sales & Service,No,Ryan
CA,Dr. Greenthumb's Sylmar,DGT,No,Ryan
CA,Universal Herbal Center,* Independent Kiva Sales & Service,No,Ryan
CA,ABIDE NAPA,* Independent Kiva Sales & Service,No,Ryan
CA,Captain Puff,* Independent Kiva Sales & Service,No,Ryan
CA,Coast to Coast,Coast to Coast,No,Ryan
CA,Collective Effort,* Independent Kiva Sales & Service,No,Ryan
CA,Culture - Mira Loma,Culture,No,Ryan
CA,"Varda, INC (Coastal Pasadena)",Coastal,No,TBH
CA,Cannabis Express,* Independent Kiva Sales & Service,No,Ryan
CA,"From The Earth / DBO Investments LB, LLC",From the Earth,No,Ryan
CA,Treeo,* Independent Kiva Sales & Service,No,Ryan
CA,HCMA,* Independent Kiva Sales & Service,No,Ryan
CA,PCC,* Independent Kiva Sales & Service,No,Ryan
CA,530 CANNABIS,High Times Delivery,No,Ryan
CA,Ohana Gardens,* Independent Kiva Sales & Service,No,Ryan
CA,SYNERGY,High Times Delivery,No,Ryan
CA,The Blvd,* Independent Kiva Sales & Service,No,Ryan
CA,HHC,* Independent Kiva Sales & Service,No,Ryan
CA,Culture - Banning,Culture,No,Ryan
CA,JAHnetics Delivery,* Independent Kiva Sales & Service,No,Ryan
CA,"HOME GROWN HOLISTIC COLLECTIVE, INC.",* Independent Kiva Sales & Service,No,Ryan
CA,Coastal - Santa Barbara,The Parent Co.,No,TBH
CA,Farmacy Berkeley,Glass House Group,No,Jen
CA,The Apothecarium - Market/Castro,Apothecarium,No,Elyse
CA,Blum - Oakland,Unrivaled Brands,No,Karlie
CA,Cal Street Cannabis - California,California Street Cannabis Co.,No,Ryan
CA,Farmacy Santa Ana,Glass House Group,No,Jen
CA,Ganjery,* Independent Kiva Sales & Service,No,Ryan
CA,High Now delivery (Pure CA),* Independent Kiva Sales & Service,No,Ryan
CA,Prussian Sticks LLC / Flower Co.,McDoestle,No,Not In Mapping
CA,Amuse - NCC Brisbane,Amuse,No,Elyse
CA,Blum - San Leandro,Unrivaled Brands,No,Karlie
CA,Coastal - West LA,The Parent Co.,No,TBH
CA,Varda (Coastal - Pasadena),Coastal,No,TBH
CA,Fig & Thistle Apothecary,* Independent Kiva Sales & Service,No,Ryan
CA,Green Dragon - Coachella Valley,Green Dragon Collective,No,Ryan
CA,Project Cannabis SF,Columbia Care,No,Karlie
CA,Eco Cannabis - Distro,* Independent Kiva Sales & Service,No,Ryan
CA,Embarc Tahoe,Embarc,No,Jen
CA,Liberty - SF,Holistic Health / Liberty,No,TBH
CA,SPARC Santa Rosa,SPARC,No,Ryan
CA,Movocan,* Independent Kiva Sales & Service,No,Ryan
CA,The Apothecarium (Lombard) - Deep Thought,Apothecarium,No,Elyse
CA,Delta Boyz,* Independent Kiva Sales & Service,No,Ryan
CA,Embarc Alameda,Embarc,No,Jen
CA,Holistic Pain Relief (LACC),LA Cannabis Co.,No,Ryan
CA,OG Arabian Nights LLC,* Independent Kiva Sales & Service,No,Ryan
CA,Organic Green Treatment Center (LACC),LA Cannabis Co.,No,Ryan
CA,Waves (delivery),* Independent Kiva Sales & Service,No,Ryan
CA,High Times Redding- SYNERGY,High Times Delivery,No,Ryan
CA,High Times Shasta- 530 CANNABIS,High Times Delivery,No,Ryan
CA,One Plant - Anitoch,CHAi / One Plant,No,Ryan
CA,Sunset Pipeline,Barbary Group,No,Ryan
CA,Juva RWC,Juva,No,Ryan
CA,WheelHouse,* Independent Kiva Sales & Service,No,Ryan
CA,Amuse - Lynwood,Amuse,No,Elyse
CA,Calma (The Parent Company),The Parent Co.,No,TBH
CA,"Kase's Journey, Inc",* Independent Kiva Sales & Service,No,Ryan
CA,Lytt,* Independent Kiva Sales & Service,No,Ryan
CA,TradeCraft - Vista,TradeCraft,No,Karlie
CA,Blum - The Spot - Halladay,Unrivaled Brands,No,Karlie
CA,Marygold,* Independent Kiva Sales & Service,No,Ryan
CA,"Flor X, Inc. - Distro",* Independent Kiva Sales & Service,No,Ryan
CA,Kiskanu,* Independent Kiva Sales & Service,No,Ryan
CA,Project Cannabis DTLA,Columbia Care,No,Karlie
CA,Coastal - Vallejo,The Parent Co.,No,TBH
CA,Cookies Berners on Haight,Cookies Corp,No,Jen
CA,Libra,* Independent Kiva Sales & Service,No,Ryan
CA,Project Cannabis NoHo,Columbia Care,No,Karlie
CA,Culture - Harvest Corner,Culture,No,Ryan
CA,Depot - Element 7 - South San Francisco,Eaze,Yes,Elyse
CA,March and Ash City Heights,March and Ash,No,Karlie
CA,Beyond Hello - Santa Barbara,Beyond Hello/Jushi Brand,No,Jen
CA,Purple Punch,* Independent Kiva Sales & Service,No,Ryan
CA,MOTA,* Independent Kiva Sales & Service,No,Ryan
CA,Mission Cannabis Club,* Independent Kiva Sales & Service,No,Ryan
CA,Boutiq (Primetime Cap),* Independent Kiva Sales & Service,No,Ryan
CA,Cookies Woodland Hills,* Independent Kiva Sales & Service,No,Jen
CA,Down Under Industries,* Independent Kiva Sales & Service,No,Ryan
CA,"Garden State Nectar, Inc.",* Independent Kiva Sales & Service,No,Ryan
CA,Strains,The Premier Group,No,Ryan
CA,Culture - Beverly Hills (BARC),Culture,No,Ryan
CA,Depot -BEACH ENLIGHTENMENT & COMPASSIONATE HEALING,Eaze,Yes,Elyse
CA,Go Erba,GO ERBA,No,Ryan
CA,Juva Stockton,Juva,No,Ryan
CA,STC Alternative Healing,* Independent Kiva Sales & Service,No,Ryan
CA,Herb N Joy - Goleta,* Independent Kiva Sales & Service,No,Ryan
CA,Embarc Martinez,Embarc,No,Jen
CA,Papa Bear Farm,* Independent Kiva Sales & Service,No,Ryan
CA,TradeCraft Farms - Port Hueneme,TradeCraft,No,Karlie
CA,Green Kong,* Independent Kiva Sales & Service,No,Ryan
CA,Mainstage,* Independent Kiva Sales & Service,No,Ryan
CA,Zen Humboldt,* Independent Kiva Sales & Service,No,Ryan
CA,Melrose Herbal Collective (LACC La Brea),LA Cannabis Co.,No,Ryan
CA,Euflora,Kushagram,No,Ryan
CA,Culture - Long Beach,Culture,No,Ryan
CA,High Times Oakport,High Times Delivery,No,Ryan
CA,Liberty Van Nuys,Holistic Health / Liberty,No,TBH
CA,Los Angeles Patients and Caregivers Group,* Independent Kiva Sales & Service,No,Ryan
CA,Med Leaf,* Independent Kiva Sales & Service,No,Ryan
CA,Depot - Tropicanna / WCW,Eaze,Yes,Elyse
CA,Bay Leaves,* Independent Kiva Sales & Service,No,Ryan
CA,High Times Coalinga,High Times Delivery,No,Ryan
CA,"Cloverdale Wellness, LLC",* Independent Kiva Sales & Service,No,Ryan
CA,Essence,GTI,No,Ryan
CA,Atrium Valley Village,Atrium,No,Karlie
CA,Emjay - La Mesa,Emjay,No,Karlie
CA,Amuse - San Jose,Amuse,No,Elyse
CA,Greenwolf,* Independent Kiva Sales & Service,No,Ryan
CA,The Artist Tree - Ktown,The Artist Tree,No,Ryan
CA,TradeCraft Disto,TradeCraft,No,Karlie
CA,Kind Farma,* Independent Kiva Sales & Service,No,Ryan
CA,Traditional,* Independent Kiva Sales & Service,No,Ryan
CA,"Kepos Enterprises, Inc.",* Independent Kiva Sales & Service,No,Ryan
CA,Originals,* Independent Kiva Sales & Service,No,Ryan
CA,"MAGNOLIA EXTRACTS, LLC : High Tide - NUG Ave.",* Independent Kiva Sales & Service,No,Ryan
CA,Trees of Echo Park,* Independent Kiva Sales & Service,No,Ryan
CA,Mercy Wellness - Santa Rosa,Mercy Wellness,No,Ryan
CA,The Bank,* Independent Kiva Sales & Service,No,Ryan
CA,Buzz Delivery,* Independent Kiva Sales & Service,No,Ryan
CA,CDXX LLC,* Independent Kiva Sales & Service,No,Ryan
CA,Green Bean,* Independent Kiva Sales & Service,No,Ryan
CA,No Wait Meds,* Independent Kiva Sales & Service,No,Ryan
CA,BASA,* Independent Kiva Sales & Service,No,Ryan
CA,Riverside Wellness-Guerneville,* Independent Kiva Sales & Service,No,Ryan
CA,Casa Cannabis,* Independent Kiva Sales & Service,No,Ryan
CA,Cannadel,* Independent Kiva Sales & Service,No,Ryan
CA,From The Earth CBD,From the Earth,No,Ryan
CA,SCSA - South coast Safe Access,* Independent Kiva Sales & Service,No,Ryan
CA,"209 Trading Company, INC",SoCal Green Meds,No,Ryan
CA,Tree Factory - Port Hueneme,* Independent Kiva Sales & Service,No,Ryan
CA,Evergreen,* Independent Kiva Sales & Service,No,Ryan
CA,The Circle,* Independent Kiva Sales & Service,No,Karlie
CA,Dr. Greenthumb DTLA,* Independent Kiva Sales & Service,No,Ryan
CA,Plantshop (Wellmar LLC),* Independent Kiva Sales & Service,No,Ryan
CA,LA Wonderland,* Independent Kiva Sales & Service,No,Ryan
CA,420 Strains,* Independent Kiva Sales & Service,No,Ryan
CA,Haven - Maywood,Haven,No,Ryan
CA,Planet 13 Orange County,* Independent Kiva Sales & Service,No,Karlie
CA,Greenwolf Bellflower,* Independent Kiva Sales & Service,No,Ryan
CA,Haven - Paramount,Haven,No,Ryan
CA,Markt Dispensary,* Independent Kiva Sales & Service,No,Ryan
CA,Mr Nice Guy - Santa Ana,Mr Nice Guy,No,Ryan
CA,Haven - Downtown Long Beach,Haven,No,Ryan
CA,Haven - Los Alamitos,Haven,No,Ryan
CA,Haven - San Bernardino,Haven,No,Ryan
CA,NUG - Oakland,NUG,No,Ryan
CA,Mr Nice Guy - Lake Elsinore,Mr Nice Guy,No,Ryan
CA,Cookies Santa Ana Ventures,* Independent Kiva Sales & Service,No,Jen
CA,The Healing Center Needles,* Independent Kiva Sales & Service,No,Ryan
CA,Humanity Wellness,* Independent Kiva Sales & Service,No,Ryan
CA,Reefside,* Independent Kiva Sales & Service,No,Ryan
CA,Haven - Belmont,Haven,No,Ryan
CA,Emjay - SF,Emjay,No,Karlie
CA,Mr Nice Guy - The Marketplace,Mr Nice Guy,No,Ryan
CA,The Green Cross,* Independent Kiva Sales & Service,No,Ryan
CA,Highway 29,* Independent Kiva Sales & Service,No,Ryan
CA,New Age Care Center,* Independent Kiva Sales & Service,No,Ryan
CA,SeaweedSF,* Independent Kiva Sales & Service,No,Ryan
CA,The Healing Tree,* Independent Kiva Sales & Service,No,Ryan
CA,"OC Coast, Inc.",* Independent Kiva Sales & Service,No,Ryan
CA,The Country Club - Distro,* Independent Kiva Sales & Service,No,Ryan
CA,ULBP - Grover Beach,Urbn Leaf,No,Karlie
CA,Davis Cannabis Collective (DCC),* Independent Kiva Sales & Service,No,Ryan
CA,Emjay - Lynwood,Emjay,No,Karlie
CA,ILLA Canna,Blaze Mota,No,Ryan
CA,Kushpharm,* Independent Kiva Sales & Service,No,Ryan
CA,"Wholesome Delivery, Inc",* Independent Kiva Sales & Service,No,Ryan
CA,BoRu Co,* Independent Kiva Sales & Service,No,Ryan
CA,Smart Collective,* Independent Kiva Sales & Service,No,Ryan
CA,The Cake House - Vista,The Cake House,No,Ryan
CA,Catalyst Pine,Catalyst,No,Karlie
CA,Gorilla Rx (Good Times Crenshaw),OTC,No,Ryan
CA,"KZD VENTURES, INC",* Independent Kiva Sales & Service,No,Ryan
CA,ULBP - Bay Park,Urbn Leaf,No,Karlie
CA,ULBP - San Jose,Urbn Leaf,No,Karlie
CA,Evergreen Evolution LLC,* Independent Kiva Sales & Service,No,Ryan
CA,Wellgreens - Lake Murray,Wellgreens,No,Ryan
CA,"GE GRANADA HILLS, INC",Green Earth,No,Ryan
CA,Wyllow (Voyage Distribution),"Voyage Distribution, Inc.",No,Ryan
CA,Green Dragon - Lompoc,Green Dragon Collective,No,Ryan
CA,ULBP - La Mesa,Urbn Leaf,No,Karlie
CA,ULBP - San Ysidro,Urbn Leaf,No,Karlie
CA,Beyond Hello - Palm Springs,Beyond Hello/Jushi Brand,No,Jen
CA,105TH MANAGEMENT,* Independent Kiva Sales & Service,No,Ryan
CA,Sixty-Four and Hope (La Cienega),* Independent Kiva Sales & Service,No,Ryan
CA,Cookies Antioch,Cookies Corp,No,Jen
CA,Jane Dispensary,* Independent Kiva Sales & Service,No,Ryan
CA,Cookies Coalinga,Cookies Corp,No,Jen
CA,Emerald Triangle Cannabis,* Independent Kiva Sales & Service,No,Ryan
CA,ULBP - Vista,Urbn Leaf,No,Karlie
CA,"Depot - Budget King, LLC",Eaze,Yes,Elyse
CA,ULBP - Seaside,Urbn Leaf,No,Karlie
CA,Catalyst - Distribution,Catalyst,No,Karlie
CA,"Higher Level GREENFIELD, INC",Higher Level,No,Ryan
CA,Catalyst El Monte,Catalyst,No,Karlie
CA,"Heart of the Emerald, LLC",* Independent Kiva Sales & Service,No,Ryan
CA,The Artist Tree - Riverside,The Artist Tree,No,Ryan
CA,Ventura Oaks Ventures,Blaze Mota,No,Ryan
CA,Amuse - Culver City,Amuse,No,Elyse
CA,Canntinas Group,N. Azimi,No,Ryan
CA,The Cake House - Malibu,The Cake House,No,Ryan
CA,Herb N Joy - Hanford,* Independent Kiva Sales & Service,No,Ryan
CA,Boca del Rio Agriculture LLC,* Independent Kiva Sales & Service,No,Ryan
CA,Erba Markets Venice (formerly Green Dot),Erba,No,Jen
CA,The Cake House - Wildomar,The Cake House,No,Ryan
CA,Josephine and Billie's,* Independent Kiva Sales & Service,No,Ryan
CA,Butter,* Independent Kiva Sales & Service,No,Ryan
CA,Cookies 805,* Independent Kiva Sales & Service,No,Jen
CA,Charlie Mike Inc.,* Independent Kiva Sales & Service,No,Ryan
CA,Doja Fields,* Independent Kiva Sales & Service,No,Ryan
CA,Hierba,Puff LA,No,Ryan
CA,Parkway Theater Inc,Green Remedy Collective,No,Ryan
CA,Plant Galaxy,* Independent Kiva Sales & Service,No,Ryan
CA,GBH Retail,* Independent Kiva Sales & Service,No,Ryan
CA,Joy Reserve,* Independent Kiva Sales & Service,No,Ryan
CA,"ELEVATION 2477, LLC",* Independent Kiva Sales & Service,No,Ryan
CA,Traditional Pico_2,* Independent Kiva Sales & Service,No,Ryan
CA,Catalyst Pomona,Catalyst,No,Karlie
CA,Quality Buds LLC,* Independent Kiva Sales & Service,No,Ryan
CA,Wellgreens - Lemon Grove,Wellgreens,No,Ryan
CA,Direct Natural Alternatives Inc.,* Independent Kiva Sales & Service,No,Ryan
CA,Greenskeepers,* Independent Kiva Sales & Service,No,Ryan
CA,Cal Street Cannabis - Clement,California Street Cannabis Co.,No,Ryan
CA,Erb and Arbor,* Independent Kiva Sales & Service,No,Ryan
CA,Jade Room - Torrance,* Independent Kiva Sales & Service,No,Ryan
CA,Herban Delivery / Levitating Enterprises INC,* Independent Kiva Sales & Service,No,Ryan
CA,Surf City Original,* Independent Kiva Sales & Service,No,Ryan
CA,TradeCraft - Los Angeles,TradeCraft,No,Karlie
CA,The Flore Store,* Independent Kiva Sales & Service,No,Ryan
CA,Authentic 909 LLC,Stiiizy,No,Jen
CA,"BCOK, Inc.",Stiiizy,No,Jen
CA,Colay Health Center,Stiiizy,No,Jen
CA,"CV Wellness, INC",Stiiizy,No,Jen
CA,"Ironworks Collective, Inc.",Stiiizy,No,Jen
CA,"KMBM, Inc.",Stiiizy,No,Jen
CA,Main St Supply,Stiiizy,No,Jen
CA,"Olive Drive Enterprises, Inc.",Stiiizy,No,Jen
CA,Positive Vibe,Stiiizy,No,Jen
CA,San Bernardino H ST,Stiiizy,No,Jen
CA,SGI BENICIA LLC,Stiiizy,No,Jen
CA,"SGI Jurupa, LLC.",Stiiizy,No,Jen
CA,SGI MARINA LLC,Stiiizy,No,Jen
CA,SGI PACHECO LLC,Stiiizy,No,Jen
CA,SGI RETAIL LLC,Stiiizy,No,Jen
CA,SGI SUISUN LLC,Stiiizy,No,Jen
CA,"Strategic Green Partners, LLC",Stiiizy,No,Jen
CA,TERP INC,Stiiizy,No,Jen
CA,"United 415, Inc.",Stiiizy,No,Jen
CA,"Social Equity Enterprises, LLC",* Independent Kiva Sales & Service,No,Ryan
CA,Green Line Delivery,* Independent Kiva Sales & Service,No,Ryan
CA,Catalyst Marina,Catalyst,No,Karlie
CA,"Depot - Uprooted, Inc.",Urbn Leaf,No,Karlie
CA,Sixty Four and Hope (Melrose),Sixty Four and Hope,No,Ryan
CA,SEPTEM COMA INC. : South Sacramento Care Center,* Independent Kiva Sales & Service,No,Ryan
CA,The Apothecarium - Castro,Apothecarium,No,Elyse
CA,3 Bros Santa Cruz,3Bros,No,Ryan
CA,Mary Jane's Collective,* Independent Kiva Sales & Service,No,Ryan
CA,SPARC Haight Street,SPARC,No,Ryan
CA,Compassionate Bay Delivery CBD,* Independent Kiva Sales & Service,No,Ryan
CA,Liberty SF,Holistic Health / Liberty,No,TBH
CA,Sweet Flower Culver City,Sweet Flower,No,Karlie
CA,The Apothecarium - Marina,Apothecarium,No,Elyse
CA,Harvest - 805 Beach Breaks,Harvest,No,Ryan
CA,Shoot the Moon,* Independent Kiva Sales & Service,No,Ryan
CA,Harvest - Palm Springs,Harvest,No,Ryan
CA,Harvest - Venice,Harvest,No,Ryan
CA,Herb Delivery - East LA,Herb Delivery,No,Ryan
CA,Canni Delivery,* Independent Kiva Sales & Service,No,Ryan
CA,Green Dragon - Love Shack,Green Dragon Collective,No,Ryan
CA,Amuse - Sacramento,Amuse,No,Elyse
CA,Depot - OC Delivery,Eaze,Yes,Elyse
CA,Harvest - Napa,Harvest,No,Ryan
CA,Legacy Kush,* Independent Kiva Sales & Service,No,Ryan
CA,Livity,* Independent Kiva Sales & Service,No,Ryan
CA,Sixty Four and Hope (La Cienega),Sixty Four and Hope,No,Ryan
CA,Alpha Core Inc.-Distro,* Independent Kiva Sales & Service,No,Ryan
CA,Holistic Healing Collective,* Independent Kiva Sales & Service,No,Ryan
CA,North Beach Pipeline,Barbary Group,No,Ryan
CA,Blazed Utopia,* Independent Kiva Sales & Service,No,Ryan
CA,3 Bros Midtown,3Bros,No,Ryan
CA,Sol Distro,Coastal,No,TBH
CA,R2H Dispensary,* Independent Kiva Sales & Service,No,Ryan
CA,Space Booth LA,* Independent Kiva Sales & Service,No,Ryan
CA,THE QUEEN OF DRAGONS,* Independent Kiva Sales & Service,No,Ryan
CA,Embarc Fairfield,Embarc,No,Jen
CA,Illa Canna (Ventura Oaks Ventures),Blaze Mota,No,Ryan
CA,Grace Delivery (Voyage Distribution),"Voyage Distribution, Inc.",No,Ryan
CA,SPARC Polk,SPARC,No,Ryan
CA,Tahoe Honey Company,* Independent Kiva Sales & Service,No,Ryan
CA,High Note - LAX,HIGH NOTE,No,Ryan
CA,Green Frog Delivery,* Independent Kiva Sales & Service,No,Ryan
CA,Rose Mary Jane,* Independent Kiva Sales & Service,No,Ryan
CA,All Natural Inc,* Independent Kiva Sales & Service,No,Ryan
CA,The Apothecarium - Soma,Apothecarium,No,Elyse
CA,Harvest - Pasadena,Harvest,No,Ryan
CA,Santa Cruz Naturals,Santa Cruz Naturals,No,Ryan
CA,Coastal Delivery - San Luis Obispo,Coastal,No,TBH
CA,Coastal - Stockton,Coastal,No,TBH
CA,Pineapple Express,Pineapple INC,No,Ryan
CA,Herb Delivery - West LA,Herb Delivery,No,Ryan
CA,"Ironworks Collective, INC. (Distro)",Stiiizy,No,Jen
CA,Foothill Health and Wellness,* Independent Kiva Sales & Service,No,Ryan
CA,Catalyst Palm Desert,Catalyst,No,Karlie
CA,High Note - Los Angeles,HIGH NOTE,No,Ryan
CA,High Note - Culver City,HIGH NOTE,No,Ryan
CA,PRESCOTT MOORE LLC,* Independent Kiva Sales & Service,No,Ryan
CA,Herb N Joy - Beverly Hills,* Independent Kiva Sales & Service,No,Ryan
CA,Depot - Hometown Heart - SF - SoCal Distro,Eaze,Yes,Elyse
CA,Extrax,* Independent Kiva Sales & Service,No,Ryan
CA,City Cannabis,* Independent Kiva Sales & Service,No,Ryan
CA,March and Ash - Imperial Beach,March and Ash,No,Karlie
CA,Catalyst Florence,Catalyst,No,Karlie
CA,Primetiming,* Independent Kiva Sales & Service,No,Ryan
CA,Solful - High Tide,Solful,No,Ryan
CA,SLOCAL Roots,* Independent Kiva Sales & Service,No,Ryan
CA,ULBP - Grossmont,Urbn Leaf,No,Karlie
CA,March and Ash Chula Vista,March and Ash,No,Karlie
CA,March and Ash Nirvana,March and Ash,No,Karlie
CA,"Seaweed Holistics, LLC",* Independent Kiva Sales & Service,No,Ryan
CA,High Times San Bernardino,High Times Delivery,No,Ryan
CA,The Bakery Fort Bragg,* Independent Kiva Sales & Service,No,Ryan
CA,Depot - OC Retail,Eaze,Yes,Elyse
CA,Therapeutic Herbal Company LLC,* Independent Kiva Sales & Service,No,Ryan
CA,Harborside San Leandro,Harborside,No,Karlie
CA,La Botica,* Independent Kiva Sales & Service,No,Not In Mapping
CA,Marina Caregivers / Highway,* Independent Kiva Sales & Service,No,Ryan
CA,Solful - Sebastopol,Solful,No,Ryan
CA,Higher Level - Hollister,Higher Level,No,Ryan
CA,The Artist Tree - WeHo,The Artist Tree,No,Ryan
CA,Urbana - Mission,Urbana,No,TBH
CA,Amuse - OC,Amuse,No,Elyse
CA,Traditional - Olympic,Traditional,No,Ryan
CA,Mankind - Distro,Mankind,No,Not In Mapping
CA,Urbana - Geary,Urbana,No,TBH
CA,Wellgreens - Jungle Boys San Diego,Wellgreens,No,Ryan
CA,Coachella Greenery,* Independent Kiva Sales & Service,No,Not In Mapping
CA,Desert Kush,* Independent Kiva Sales & Service,No,Not In Mapping
CA,HERB delivery - SFValley,Herb Delivery,No,Ryan
CA,M&M Telegraph Inc,* Independent Kiva Sales & Service,No,Ryan
CA,Union Station,* Independent Kiva Sales & Service,No,Ryan
CA,Hightend Dispensary,* Independent Kiva Sales & Service,No,Not In Mapping
CA,Liberty Gardena,Holistic Health / Liberty,No,TBH
CA,Solful - Santa Rosa,Solful,No,Ryan
CA,Sweet Flower Pasadena,Sweet Flower,No,Karlie
CA,Higher Level - Seaside,Higher Level,No,Ryan
CA,Sherbinskis (Emjay Fairfax),Emjay,No,Karlie
CA,The Set Reseda (Superstore),* Independent Kiva Sales & Service,No,Not In Mapping
CA,EMERALD CITY DISTRIBUTION,* Independent Kiva Sales & Service,No,Not In Mapping
CA,Cookies - Berners on Haight,* Independent Kiva Sales & Service,No,Not In Mapping
CA,"Depot - ECSD Management, LLC (Eaze San Diego)",Eaze,Yes,Elyse
CA,SPARC - Distro,SPARC,No,Ryan
CA,Ice Kream,* Independent Kiva Sales & Service,No,Not In Mapping
CA,Jungle Boys OC,* Independent Kiva Sales & Service,No,Not In Mapping
CA,MedMen Long Beach,MedMen,No,Jen
CA,Medmen West Hollywood,MedMen,No,Jen
CA,OAKANNA,* Independent Kiva Sales & Service,No,Not In Mapping
CA,TradeCraft - El Monte,TradeCraft,No,Karlie
CA,Velvet Eagle Rock,Velvet,No,TBH
CA,Cookies - Hayward,Cookies Corp,No,Jen
CA,Cookies - Modesto,Cookies Corp,No,Jen
CA,Cookies - Antioch,Cookies Corp,No,Jen
CA,Cookies - La Mesa,Cookies Corp,No,Jen
CA,The Row House Cannabis Shoppe & Lounge,* Independent Kiva Sales & Service,No,Not In Mapping
CA,Catalyst - Santa Ana,Catalyst,No,Karlie
CA,Cookies - Merced,Cookies Corp,No,Jen
CA,LaLaLand,* Independent Kiva Sales & Service,No,Not In Mapping
CA,Universal Herbal Center (Pineapple Express Distro),Pineapple INC,No,Ryan
CA,Alexander Valley Organics Inc.,* Independent Kiva Sales & Service,No,Not In Mapping
CA,Dixon Wellness Collective,* Independent Kiva Sales & Service,No,Not In Mapping
CA,Harborside SF,Harborside,No,Karlie
CA,Cookies - San Bernardino,Cookies Corp,No,Jen
CA,Green Qween,* Independent Kiva Sales & Service,No,Not In Mapping
CA,SPARC Sonoma,SPARC,No,Ryan
CA,Space Flyt,* Independent Kiva Sales & Service,No,Not In Mapping
CA,MedMen Emeryville (SF),MedMen,No,Jen
CA,MedMen LAX,MedMen,No,Jen
CA,MedMen Venice Beach,MedMen,No,Jen
CA,MedMen Santa Ana,MedMen,No,Jen
CA,Medmen Torrey Pines (SD),MedMen,No,Jen
CA,Budoloigy,* Independent Kiva Sales & Service,No,Not In Mapping
CA,Medmen Kearny Mesa (SD),MedMen,No,Jen
CA,Roll Up Inc.,* Independent Kiva Sales & Service,No,Not In Mapping
CA,MedMen Union (SF),MedMen,No,Jen
CA,Beyond Hello - Grover Beach,Beyond Hello/Jushi Brand,No,Jen
CA,Mecca The Store,* Independent Kiva Sales & Service,No,Not In Mapping
CA,The Woods (Erba),Erba,No,Jen
CA,Lemonnade - Melrose,* Independent Kiva Sales & Service,No,Not In Mapping
CA,Bud Brothers,* Independent Kiva Sales & Service,No,Not In Mapping
CA,Ball Family Farms,* Independent Kiva Sales & Service,No,Not In Mapping
CA,Conscious Consulting and Yoga Inc.,* Independent Kiva Sales & Service,No,Not In Mapping
CA,The Sweet Spot,* Independent Kiva Sales & Service,No,Not In Mapping
CA,Abatin Wellness Center,* Independent Kiva Sales & Service,No,Not In Mapping
CA,Stiiizy - Santa Rosa,Stiiizy,No,Jen
CA,Cookies - Union City (Lemonnade),Cookies Corp,No,Jen
CA,Budega - Westwood,Budega,No,Not In Mapping
CA,Traditional - Pico,Traditional,No,Ryan
CA,WonderBrett,* Independent Kiva Sales & Service,No,Not In Mapping
CA,Tioga Green,* Independent Kiva Sales & Service,No,Not In Mapping
CA,MOCA Humboldt,* Independent Kiva Sales & Service,No,Not In Mapping
CA,Slo Driver,* Independent Kiva Sales & Service,No,Not In Mapping
CA,Earth's Natural Remedy,* Independent Kiva Sales & Service,No,Not In Mapping
CA,Mankind - Retail,Mankind,No,Not In Mapping
CA,STIIIZY - WESTERN,Stiiizy,No,Jen
CA,Mount Shasta Patients Collective,* Independent Kiva Sales & Service,No,Not In Mapping
CA,Valley Health Options Collective,* Independent Kiva Sales & Service,No,Not In Mapping
CA,Depot - Silver Lake (Eaze),Eaze,Yes,Elyse
CA,California Artisanal Medicine dba CAM Delivery,* Independent Kiva Sales & Service,No,Not In Mapping
CA,Cannavine,* Independent Kiva Sales & Service,No,Not In Mapping
CA,Nela Rd,* Independent Kiva Sales & Service,No,Not In Mapping
CA,The Hook Outlet,* Independent Kiva Sales & Service,No,Not In Mapping
CA,Catalyst - Bellflower,Catalyst,No,Karlie
CA,Catalyst - Pine,Catalyst,No,Karlie
CA,Blaze1 - Dunsmuir,* Independent Kiva Sales & Service,No,Not In Mapping
CA,Catalyst - Pomona,Catalyst,No,Karlie
CA,Delta 9 THC,* Independent Kiva Sales & Service,No,Not In Mapping
CA,Catalyst - San Bernardino,Catalyst,No,Karlie
CA,Urbana - SoMa,Urbana,No,TBH
CA,Mr Nice Guy - The Marketplace SA,Mr Nice Guy,No,Ryan
CA,Cookies - Napa,Cookies Corp,No,Jen
CA,Exclusive Care Delivery,* Independent Kiva Sales & Service,No,Not In Mapping
CA,High Road Delivery,* Independent Kiva Sales & Service,No,Not In Mapping
CA,SEPTEM COMA INC - South Sacramento Care Center,* Independent Kiva Sales & Service,No,Not In Mapping
CA,Off the Charts - Van Nuys,* Independent Kiva Sales & Service,No,Not In Mapping
CA,Weed Dash Inc,* Independent Kiva Sales & Service,No,Not In Mapping
CA,CANN,* Independent Kiva Sales & Service,No,Not In Mapping
CA,March and Ash Wilson St.,March and Ash,No,Karlie
CA,Canna-Couriers,* Independent Kiva Sales & Service,No,Not In Mapping
IL,Zen Leaf - St. Charles,Zen Leaf,No,Latifah
IL,Zen Leaf - Prospect Heights,Zen Leaf,No,Latifah
IL,Zen Leaf - Lombard,Zen Leaf,No,Latifah
IL,Nature's Care - Rolling Meadows,Nature's Care,No,Latifah
IL,Curaleaf - Skokie,Curaleaf,No,Latifah
IL,Curaleaf - Worth,Curaleaf,No,Latifah
IL,Ascend - Chicago Logan Square,Ascend,No,Elyse
IL,Rise - Naperville,GTI,No,Gia
IL,Rise - Mundelein,GTI,No,Gia
IL,Curaleaf - Westmont,Curaleaf,No,Latifah
IL,Curaleaf - Melrose Park,Curaleaf,No,Latifah
IL,Curaleaf - Mokena,Curaleaf,No,Latifah
IL,Curaleaf - Morris,Curaleaf,No,Latifah
IL,Curaleaf - Justice,Curaleaf,No,Latifah
IL,Curaleaf - Lincoln Park,Curaleaf,No,Latifah
IL,Nature's Care - West Loop,Nature's Care,No,Latifah
IL,Ascend - Chicago River North,Ascend,No,Elyse
IL,Rise - Canton,GTI,No,Gia
IL,Windy City - Highwood,Windy City Cannabis,No,Latifah
IL,Zen Leaf - Highland Park,Zen Leaf,No,Latifah
IL,Curaleaf - Deerfield,Curaleaf,No,Latifah
IL,Curaleaf - Northbrook,Curaleaf,No,Latifah
IL,Enlightened - Mount Prospect,Enlightened,No,Latifah
IL,Verilife - Ottawa,Verilife,No,Latifah
IL,NuEra - Chicago,NuEra,No,Latifah
IL,The Happy Cannabis Co. - Loves Park,The Happy Cannabis Co.,No,Latifah
IL,Rise - Quincy,GTI,No,Gia
IL,The Dispensary - Fulton,The Dispensary,No,Latifah
IL,The Dispensary - East Dubuque,The Dispensary,No,Latifah
IL,Rise - Lake in the Hills,GTI,No,Gia
IL,Rise - Joliet Colorado Ave,GTI,No,Gia
IL,Rise - Joliet Rock Creek,GTI,No,Gia
IL,Rise - Niles,GTI,No,Gia
IL,Rise Illinois - Effingham,GTI,No,Gia
IL,Beyond/Hello - Normal,Beyond/Hello,No,Latifah
IL,Beyond/Hello - Bloomington,Beyond/Hello,No,Latifah
IL,Ascend - Fairview Heights,Ascend,No,Elyse
IL,Ascend - Collinsville,Ascend,No,Elyse
IL,Trinity Compassionate Care Centers - West Glen,Trinity,No,Latifah
IL,Beyond/Hello - Sauget 2,Beyond/Hello,No,Latifah
IL,Beyond/Hello - Sauget,Beyond/Hello,No,Latifah
IL,MedMen - Oak Park,MedMen,No,Jen
IL,Hatch - Wheeling,Hatch,No,Latifah
IL,Mission - South Chicago,Mission,No,Latifah
IL,Mission - Calumet City,Mission,No,Latifah
IL,EarthMed - Rosemont,EarthMed,No,Latifah
IL,Zen Leaf - The Herbal Care Center,Zen Leaf,No,Latifah
IL,Zen Leaf - West Loop,Zen Leaf,No,Latifah
IL,Ascend - Chicago Ridge,Ascend,No,Elyse
IL,Ascend - Midway,Ascend,No,Elyse
IL,Zen Leaf - Aurora,Zen Leaf,No,Latifah
IL,Zen Leaf - Evanston,Zen Leaf,No,Latifah
IL,Zen Leaf - Naperville,Zen Leaf,No,Latifah
IL,NuEra - Champaign,NuEra,No,Latifah
IL,Consume - Chicago,Consume,No,Latifah
IL,Ascend - Horizon,Ascend,No,Elyse
IL,Ascend - Adams Street,Ascend,No,Elyse
IL,Sunnyside - Champaign,Sunnyside,No,Latifah
IL,Sunnyside - Danville,Sunnyside,No,Latifah
IL,Windy City - Posen,Windy City Cannabis,No,Latifah
IL,Sunnyside - Buffalo Grove,Sunnyside,No,Latifah
IL,Sunnyside - Elmwood Park,Sunnyside,No,Latifah
IL,Sunnyside - Naperville,Sunnyside,No,Latifah
IL,Sunnyside - River North,Sunnyside,No,Latifah
IL,Sunnyside - Schaumburg,Sunnyside,No,Latifah
IL,Sunnyside - South Beloit,Sunnyside,No,Latifah
IL,Sunnyside - Rockford,Sunnyside,No,Latifah
IL,Cannabist - Villa Park,Cannabist,No,Latifah
IL,Windy City - Carpentersville,Windy City Cannabis,No,Latifah
IL,Sunnyside Illinois - Wrigleyville,Sunnyside,No,Latifah
IL,Hatch - Addison,Hatch,No,Latifah
IL,Verilife - Galena,Verilife,No,Latifah
IL,Verilife - River North,Verilife,No,Latifah
IL,Verilife - Romeoville,Verilife,No,Latifah
IL,NuEra - Urbana,NuEra,No,Latifah
IL,Verilife - Arlington Heights,Verilife,No,Latifah
IL,Verilife - North Aurora,Verilife,No,Latifah
IL,VeriLife - Schaumburg,Verilife,No,Latifah
IL,GreenGate - Chicago,GreenGate,No,Latifah
IL,Herbal Remedies - Quincy,Herbal Remedies,No,Latifah
IL,Mapleglen Care Center,Mapleglen,No,Latifah
IL,Rise Illinois - Charleston,GTI,No,Gia
IL,Consume - Oakbrook Terrace,Consume,No,Latifah
IL,Enlightened - Schaumburg,Enlightened,No,Latifah
IL,Cannabist - Chicago,Cannabist,No,Latifah
IL,Verilife - Rosemont,Verilife,No,Latifah
IL,Quincy - REC 2,Herbal Remedies,No,Latifah
IL,Dispensary 33 - N Clark St.,Dispensary 33,No,Latifah
IL,Windy City - Homewood,Windy City Cannabis,No,Latifah
IL,Zen Leaf - Rogers Park,Zen Leaf,No,Latifah
IL,Consume - Carbondale,Consume,No,Latifah
IL,North Aurora - REC,VeriLife IL,No,Latifah
IL,Ottawa - REC,VeriLife IL,No,Latifah
IL,Romeoville - REC,VeriLife IL,No,Latifah
IL,Marion - MED,Consume IL,No,Latifah
IL,Addison - MED,EarthMed,No,Latifah
MA,Bask,Bask,No,Joe
MA,Sanctuary Gardner,Sanctuary,No,Joe
MA,Ascend Boston,Ascend,No,Elyse
MA,Ascend Newton,Ascend,No,Elyse
MA,Bud's Goods & Provisions Worcester,Bud's Goods & Provisions,No,Joe
MA,Sanctuary Woburn,Sanctuary,No,Joe
MA,Ermont,Ermont,No,Joe
MA,Bud's Goods & Provisions Abington,Bud's Goods & Provisions,No,Joe
MA,Garden Remedies Melrose,Garden Remedies,No,Joe
MA,Garden Remedies Newton,Garden Remedies,No,Joe
MA,Sanctuary Brookline,Sanctuary,No,Joe
MA,Silver Therapeutics - Williamstown,Silver Therapeutics,No,Joe
MA,Rebelle,Rebelle,No,Joe
MA,The Pass,The Pass,No,Joe
MA,Local Roots Fitchburg,Local Roots,No,Joe
MA,Garden Wonders,Garden Wonders,No,Joe
MA,Elevated Roots,Elevated Roots,No,Joe
MA,Garden Remedies Marlborough,Garden Remedies,No,Joe
MA,Enlite Cannabis LLC,Enlite Cannabis LLC,No,Joe
MA,Local Roots Marlborough,Local Roots,No,Joe
MA,Redi,Redi,No,Joe
MA,GreenStar Herbals Maynard,GreenStar,No,Joe
MA,Nature's Remedy - Millbury,Nature's Remedy,No,Joe
MA,Nature's Remedy - Tyngsborough,Nature's Remedy,No,Joe
MA,Apothca Arlington,Apothca,No,Joe
MA,Apothca Lynn,Apothca,No,Joe
MA,GreenStar Herbals Dracut,GreenStar,No,Joe
MA,Local Roots Sturbridge,Local Roots,No,Joe
MA,RISE Amherst,GTI,No,Gia
MA,Temescal Wellness Framingham,Temescal Wellness,No,Joe
MA,United Cultivation,United Cultivation,No,Joe
MA,NETA,NETA,No,Joe
MA,South Shore Buds,South Shore Buds,No,Joe
MA,Western Front,Western Front,No,Joe
MA,Revolutionary Clinics - Cambridge,Revolutionary Clinics,No,Joe
MA,Northeast Alternatives,Northeast Alternatives,No,Joe
MA,Mission Brookline,Mission,No,Joe
MA,Cookies Worcester,Cookies,No,Joe
MA,Native Sun North Atleboro,Native Sun,No,Joe
MA,Zen Leaf Sharon,Zen Leaf,No,Joe
MA,MedMen Fenway,MedMen,No,Jen
MA,Sanctuary Danvers,Sanctuary,No,Joe
MA,Farnsworth Fine Cannabis,Farnsworth Fine Cannabis,No,Joe
MA,Kapha Cannabis,Kapha Cannabis,No,Joe
MA,Mission Georgetown,Mission,No,Joe
MA,Zen Leaf Plymouth,Zen Leaf,No,Joe
MA,Reverie 73,Reverie 73,No,Joe
MA,GreenStar Herbals Chelsea,GreenStar,No,Joe
MA,Temescal Wellness Pittsfield,Temescal Wellness,No,Joe
MA,Green Meadows,Green Meadows,No,Joe
MA,High Hopes,High Hopes,No,Joe
MA,Affinity West Springfield,Affinity,No,Joe
MA,Affinity Boston,Affinity,No,Joe
MA,Heal,Heal,No,Joe
MA,Botera Franklin,Botera Franklin,No,Joe
MA,Collective - Billerica,Collective,No,Joe
MA,Collective - Littleton,Collective,No,Joe
MA,Cannapi Dispensary,Cannapi,No,Joe
MA,Temescal Wellness Hudson,Temescal Wellness,No,Joe
MA,Truelieve Holyoke,Truelieve Holyoke,No,Joe
MA,Apothca Boston,Apothca,No,Joe
MA,Mission Worcester,Mission,No,Joe
MA,Resinate - Worcester,Resinate,No,Joe
MA,Clear Sky Cannabis  - North Adams,Clear Sky Cannabis  - North Adams,No,Joe
MA,Mayflower Medicinals Worcester,Mayflower Medicinals,No,Joe
MA,Mayflower Medicinals Boston,Mayflower Medicinals,No,Joe
MA,Harmony of MA,Harmony of MA,No,Joe
MA,Tree House Craft Cannabis,Tree House Craft Cannabis,No,Joe
MA,Native Sun North Attleboro,,No,Joe
MA,Union Twist - Framingham,,No,Joe
MA,Greatest Hits,,No,Joe
MA,"Ganesh Wellness, Inc. d.b.a. Campfire Cannabis",,No,Joe
MA,"Diem Lynn, LLC",,No,Joe
MA,Diem Worcester,,No,Joe
MA,Mello Fellows,,No,Joe
MA,Resinate Northhampton,,No,Joe
MA,Heal Sturbridge,,No,Joe
MA,reLeaf Alternative Inc.,,No,Joe
MA,Cannabist - Boston,,No,Joe
MA,Revolutionary Clinics - Somerville,,No,Joe
MA,Revolutionary Clinics - Central Square,,No,Joe
MA,Major Bloom,,No,Joe
MA,Doobie,,No,Joe
MA,Bud's Good & Provisions - Watertown,,No,Joe
MA,Kosa,,No,Joe
MA,"Olde World Remedies, Inc",,No,Joe
MA,"BWell Holdings, Inc",,No,Joe
MA,Cape Cod Cannabis,,No,Joe
MA,The Haven Center - Provincetown,,No,Joe
MA,Uma Flowers Cannabis Dispensary,,No,Joe
MA,Essex Apothecary,,No,Joe
MA,Curaleaf Webster,,No,Joe
MA,INSA Springfield  Med,,No,Joe
MA,1Connection,,No,Joe
MA,Flower & Soul,,No,Joe
MA,Zahara,,No,Joe
MA,Heal Provincetown,,No,Joe
MA,The Botanist Worcester,,No,Joe
MA,Temescal - Worcester - Production,,No,Joe
MA,The Hempest,,No,Joe
MA,Panacea Wellness,,No,Joe
MA,Western Front Cambridge,,No,Joe
MA,Canna Provisions - Holyoke,,No,Joe
MA,"Silver Therapeutics, Inc. (dba: Orange Cannabis Co.)",,No,Joe
MA,Revolutionary,Revolutionary,No,Joe
MA,Silver Therapeutics - Orange,Silver Therapeutics,No,Joe
MA,Caroline's Cannabis,Caroline's Cannabis,No,Joe
MA,Revolutionary - Fawcett,Revolutionary Clinics,No,Joe
MA,Revolutionary - Mass Ave,Revolutionary Clinics,No,Joe
MA,Revolutionary - Somerville,Revolutionary Clinics,No,Joe
MA,SEED,SEED,No,Joe
MA,Fine Fettle,Fine Fettle,No,Joe
MA,b\well,b\well,No,Joe
MA,Community Growth Partners,Community Growth Partners,No,Joe
MA,Liberty Compassion,Liberty Compassion,No,Joe
MA,Farnsworth Fine Cannabis,HIGHMINDED LLC,No,Joe
MA,"New Dia, LLC","New Dia, LLC",No,Joe
MA,"Apothca, Inc.","Apothca, Inc.",No,Joe
MA,"Apothca, Inc",Apothca,No,Joe
MA,Berkshire Welco,Berkshire Welco,No,Joe
MA,Heal Sturbridge,Heal,No,Joe
MA,"Jushi MA, Inc.","Jushi MA, Inc.",No,Joe
MA,Cypress Tree Management,"Cypress Tree Management, Inc.",No,Joe
MA,"Theory Wellness, Inc. - Chicopee",Theory Wellness,No,Joe
MA,Healthy Pharms,Healthy Pharms,No,Joe
MA,Pure Oasis LLC,Pure Oasis LLC,No,Joe
MA,Frozen 4 Corporation,Frozen 4 Corporation,No,Joe
MA,"Four Daughters Compassionate Care, Inc.","Four Daughters Compassionate Care, Inc.",No,Joe
MA,Revolutionary Clinics II,Revolutionary Clinics,No,Joe
MA,GTE Franklin LLC,GTE Franklin LLC,No,Joe
MA,Native Sun Hudson,Native Sun,No,Joe
NV,Essence Durango,GTI,No,Gia
NV,MedMen Spring Valley,MedMen,No,Jen
NV,MedMen Paradise,MedMen,No,Jen
NV,Beyond Hello,Beyond/Hello,No,Gia
NV,MedMen DTLV,MedMen,No,Jen
NV,The Source Henderson,The Source,No,Gia
NV,The Source Las Vegas,The Source,No,Gia
NV,The Source NLV,The Source,No,Gia
NV,Rise Reno,GTI,No,Gia
NV,Mynt Downtown,Mynt,No,Gia
NV,MYNT North,,No,Gia
NV,Tree of Life,Tree of Life,No,Gia
NV,Planet 13,Planet 13,No,Gia
NV,Exhale,Exhale,No,Gia
NV,Rise Henderson,GTI,No,Gia
NV,Essence Tropicana,GTI,No,Gia
NV,Rise Carson City,GTI,No,Gia
NV,RISE Spanish Springs,,No,Gia
NV,Jenny's Dispensary- Las Vegas,,No,Gia
NV,Essence Rainbow,GTI,No,Gia
NV,Cookies on Flamingo,Cookies,No,Gia
NV,The Dispensary Eastern Express,The Dispensary,No,Gia
NV,The Dispensary Decatur,The Dispensary,No,Gia
NV,The Dispensary Henderson,The Dispensary,No,Gia
NV,The Dispensary Reno,The Dispensary,No,Gia
NV,Jardin,Jardin,No,Gia
NV,The Source Reno,The Source,No,Gia
NV,Wallflower,Wallflower,No,Gia
NV,Shango,Shango,No,Gia
NV,Euphoria Wellness,Euphoria Wellness,No,Gia
NV,Inyo Fine Cannabis Dispensary,Inyo,No,Gia
NV,Green Cannabis,Green Cannabis,No,Gia
NV,Three Nations Cannabis,Three Nations Cannabis,No,Gia
NV,Cookies on the Strip,GTI,No,Gia
NV,Rise Henderson,,No,Gia
NV,Tree of Life City of Las Vegas,,No,Gia
NV,Curaleaf,,No,Gia
NV,Curaleaf Western,,No,Gia
NV,Silver State Relief Fernley,,No,Gia
NV,Silver State Relief,,No,Gia
NV,Thrive Cactus,,No,Gia
NV,Thrive Reno,Thrive,No,Gia
NV,Thrive Jackpot,,No,Gia
NV,NuLeaf on the Strip,,No,Gia
NV,Greenleaf Wellness,,No,Gia
NV,The Source - Distribution,,No,Gia
NV,Apothecarium,Apothecarium,No,Gia
NV,Rise Spanish Springs,GTI,No,Gia
NV,Mynt North Reno,Mynt,No,Gia
NV,NuWu,Nuwu,No,Gia
NV,Thrive Southern Highlands,Thrive,No,Gia
NV,Jenny's Dispensary North Las Vegas,Jenny's Dispensary,No,Gia
NV,Pisos,Pisos,No,Gia
NV,Las Vegas ReLeaf,Las Vegas Releaf,No,Gia
NV,Reef Dispensaries,Reef Dispensaries,No,Gia
NV,Vegas Treehouse,Vegas Treehouse,No,Gia
NV,Cultivate,Cultivate,No,Gia
NV,Green Cannabis,Green Cannabis ,No,Gia
NV,NeWe,NeWe,No,Gia
NV,Apothecary Shoppe,Apothecary Shoppe,No,Gia
NV,Medmen DTLV,GTI,No,Gia
NV,Medmen Spring Valley,GTI,No,Gia
NV,Las Vegas ReLeaf,Mynt,No,Gia
NV,Thrive North Las Vegas,Thrive,No,Gia
NV,The Grove Las Vegas,The Grove Las Vegas,No,Gia
NV,Thrive DTLV,Thrive,No,Gia
NV,Las Vegas ReLeaf,MedMen,No,Jen
NV,NuWu,The Source,No,Gia
NV,The Apothecary Shoppe,The Apothecary Shoppe,No,Gia
NV,Green Cross,Green Cross,No,Gia
NV,Silver State Relief Sparks,Silver State Relief Sparks,No,Gia
NV,Silver State Relief Fernley,Silver State Relief Fernley,No,Gia
NV,ShowGrow,ShowGrow,No,Gia
NV,Silver Sage Wellness,Silver Sage Wellness,No,Gia
NV,Oasis,Oasis,No,Gia
NV,The Sanctuary Downtown Las Vegas,The Sanctuary Downtown Las Vegas,No,Gia
NV,The Sanctuary North Las Vegas,The Sanctuary North Las Vegas,No,Gia
NV,NuWu Elko,NuWu,No,Gia
NV,NuWu North,NuWu,No,Gia
NV,   ,   ,No,Gia
NV,Thrive,Thrive,No,Gia
NV,Blum Reno,Blum Reno,No,Gia
NV,Sierra Wellness,Sierra Wellness,No,Gia
NV,Jenny's Dispensary Henderson,Jenny's Dispensary Henderson,No,Gia
NV,Blum Desert Inn,Blum Desert Inn,No,Gia
NV,Sahara Wellness,Sahara Wellness,No,Gia
NV,Kanna,Kanna,No,Gia
NV,NuLeaf Las Vegas,NuLeaf Las Vegas,No,Gia
NV,NuLeaf Incline Village,NuLeaf Incline Village,No,Gia
NV,Nevada Wellness Center,Nevada Wellness Center,No,Gia
NV,SoL Cannabis,SoL Cannabis,No,Gia
NV,Pesha Numma,Pesha Numma,No,Gia
NV,Curaleaf,Curaleaf,No,Gia
NV,The Apothecarium,Apothecarium,No,Gia
NV,The Dispensary Gibson,The Dispensary,No,Gia
NV,Reef,Reef,No,Gia
NV,Cultivate,Cultivate Dispensary (Wellness Connection of Nevada),No,Gia
IL,Rise - Effingham,GTI,No,Gia
IL,Ascend - Fairview,Ascend,No,Elyse
IL,Ascend - Springfield,Ascend,No,Elyse
IL,Midway - Chicago Archer,Midway,No,Latifah
IL,Midway - Chicago Ridge,Midway,No,Latifah
IL,MOCA - Logan Square,Ascend,No,Elyse
IL,MOCA - River North,Ascend,No,Elyse
IL,The Herbal Care Center,,No,Latifah
IL,Dispensary 33 - W Randolph,Dispensary 33,No,Latifah
IL,Sunnyside - Lakeview,Sunnyside,No,Latifah
IL,Windy City - Carpentersville,Verilife,No,Latifah
IL,Consume - Marion,Consume,No,Latifah
IL,EarthMed - Addison,EarthMed,No,Latifah
IL,Curaleaf - Weed Street,Curaleaf,No,Latifah
IL,Windy City - Litchfield,Windy City Cannabis,No,Latifah
IL,Windy City - Macomb,Windy City Cannabis,No,Latifah
IL,Enlightened - Mount Prospect (IL),Enlightened,No,Latifah
IL,Windy City Cannabis - Litchfield,Windy City Cannabis,No,Latifah
IL,Windy City Cannabis - Macomb,Windy City Cannabis,No,Latifah
IL,Windy City Cannabis - Highwood,Windy City Cannabis,No,Latifah
IL,Rise - Joliet Colorado Ave. (AU),GTI,No,Gia
IL,Rise - Joliet Rock Creek Blvd. (3CJ),GTI,No,Gia
IL,Rise - Niles AU,GTI,No,Gia
IL,Verilife - Chicago,Verilife,No,Latifah
IL,Dispensary 33 - Clark St.,Dispensary 33,No,Latifah
IL,Ascend - Horizon Drive,Ascend,No,Elyse
IL,Mission - Chicago South Shore,Mission,No,Latifah
IL,The Herbal Care Center,The Herbal Care Center,No,Latifah
IL,Dispensary 33 - Randolph St.,Dispensary 33,No,Latifah
IL,Nature's Care Company - Rolling Meadows,Nature's Care,No,Latifah
IL,Nature's Care Company - Chicago,Nature's Care,No,Latifah
IL,Windy City Cannabis - Posen,Windy City Cannabis,No,Latifah
IL,Windy City Cannabis - Homewood,Windy City Cannabis,No,Latifah
IL,Windy City Cannabis - Carpentersville,Windy City Cannabis,No,Latifah
IL,Hatch Dispensary - Addison,Hatch,No,Latifah
IL,Zen Leaf - Charleston,Zen Leaf,No,Latifah
IL,Hatch Dispensary - Wheeling,Hatch,No,Latifah
IL,Columbia Care - Chicago,Columbia Care,No,Latifah
IL,Cannabist - Villa Park,Columbia Care,No,Latifah
IL,The Happy Cannabis Company. - Loves Park,The Happy Cannabis Co.,No,Latifah
IL,NuEra - East Peoria,NuEra,No,Latifah
IL,NuEra - Pekin,NuEra,No,Latifah
RI,Greenleaf,Greenleaf,No,Not Mapped
RI,Summit,Summit,No,Not Mapped
